"caseid","age","gender","devicetype","locality","region","calls","sms","data","vas","network","rcalls","rsms","seconds","amount","facebook","twitter","instagram"
1,"2","1","1","0","2",303,102,1756,27,52,60,51,38755,1131.85,563,86,277
2,"1","1","1","0","1",370,94,2048,13,46,74,47,67635,1706.5,912,129,197
3,"0","1","1","1","0",425,95,2147,15,38,85,47,29123,857.885,635,289,9
4,"1","1","1","1","1",284,88,1784,23,52,56,44,25803,825.56,328,67,136
5,"2","1","0","1","1",419,102,2070,21,57,83,51,41156,1067.82,831,695,199
6,"1","1","1","0","3",403,96,1899,16,46,80,48,59697,1483.265,1075,445,476
7,"2","1","0","0","1",408,94,1830,17,52,81,47,50171,1318.87,799,516,-173
8,"2","0","0","1","0",511,106,2025,21,38,102,53,67090,1579.975,861,61,285
9,"3","1","1","0","1",278,93,1860,13,53,55,46,22927,712.84,802,610,241
10,"0","1","1","1","1",526,95,1686,14,46,105,47,78425,1950.05,750,-96,334
11,"3","1","1","1","0",325,103,2144,14,42,65,51,35694,1253.03,903,488,371
12,"2","1","1","1","0",286,102,2371,22,48,57,51,40020,1134.275,1281,744,85
13,"2","1","0","0","2",328,106,2185,23,42,65,53,30708,860.785,674,213,-168
14,"2","1","1","1","0",425,95,1992,25,43,85,47,53170,1232.95,975,420,130
15,"3","1","0","0","2",415,106,1648,20,39,83,53,38055,1082.35,799,1013,196
16,"1","1","1","1","3",369,91,2272,20,45,73,45,42832,1224.69,995,703,-21
17,"1","1","0","0","1",304,99,1740,10,55,60,49,36410,913.3,602,-834,376
18,"1","1","1","1","1",335,102,1664,24,47,67,51,48256,1353.17,906,227,420
19,"1","0","0","1","3",522,101,1801,25,53,104,50,51599,1357.105,799,654,231
20,"2","0","0","1","0",419,91,2531,18,50,83,45,49078,1454.785,561,985,217
21,"0","0","0","1","2",342,105,1862,19,53,68,52,59046,1596.47,678,372,148
22,"1","1","1","1","3",305,104,2498,21,44,61,52,42984,1437.08,684,564,143
23,"2","0","1","0","3",379,104,1905,16,57,75,52,38417,1032.115,504,684,-14
24,"1","0","0","0","1",233,98,2393,13,49,46,49,28341,799.595,671,-285,-18
25,"0","0","1","0","2",351,98,1994,20,45,70,49,37110,1048.3,895,154,14
26,"0","0","1","0","2",325,97,1461,21,39,65,48,36859,962.755,423,946,286
27,"1","1","0","1","2",516,90,2344,16,50,103,45,57751,1644.42,606,-411,305
28,"3","0","1","1","2",501,103,1967,22,48,100,51,56803,1419.285,976,11,306
29,"2","1","1","0","2",392,97,2562,17,47,78,48,37694,1118.83,340,369,467
30,"3","0","1","1","3",286,97,2224,16,40,57,48,26204,986.68,519,465,313
31,"2","1","1","1","1",490,110,1695,20,54,98,55,73432,1662.415,894,1027,287
32,"3","1","0","0","3",485,101,2054,19,53,97,50,58169,1372.68,1118,399,251
33,"0","0","0","0","0",472,96,2028,15,43,94,48,60417,1643.84,891,822,403
34,"3","0","1","1","1",473,106,1771,26,47,94,53,42677,1349.465,570,-497,415
35,"1","0","1","0","1",364,98,1701,11,53,72,49,53713,1507.285,826,302,234
36,"3","1","1","0","1",470,105,2209,24,53,94,52,59908,1660.985,877,521,-175
37,"2","0","1","0","1",530,104,2372,28,40,106,52,49517,1368.54,821,1206,283
38,"3","0","1","1","2",403,102,1568,19,48,80,51,48941,1317.87,333,378,195
39,"2","1","0","1","1",302,93,2091,22,56,60,46,38213,1109.835,953,1125,415
40,"1","1","1","0","1",479,101,2032,14,47,95,50,54213,1313.41,1009,1006,254
41,"3","0","1","0","0",478,101,1729,31,37,95,50,36324,1023.405,943,357,208
42,"2","0","1","1","2",368,100,1593,21,50,73,50,41498,1278.585,865,649,290
43,"2","0","1","0","1",569,99,2152,12,39,113,49,64957,1824.59,995,-324,625
44,"2","1","0","0","1",320,109,1904,13,51,64,54,50646,1150.22,914,676,370
45,"2","1","1","0","2",434,108,2066,19,54,86,54,44061,1110.27,502,-434,408
46,"1","0","0","1","1",173,99,1731,27,44,34,49,24144,892.905,906,193,276
47,"2","0","0","1","3",383,102,1573,17,41,76,51,40896,1025.695,461,-172,161
48,"1","0","0","1","2",513,106,1977,15,42,102,53,67772,1523.515,1080,376,141
49,"2","1","0","0","2",354,110,2071,20,46,70,55,31305,894.275,410,517,191
50,"1","1","0","1","0",310,101,1889,19,52,62,50,41408,1083.985,1020,236,220
51,"0","1","0","0","2",472,98,1925,9,42,94,49,90581,2296.745,900,606,200
52,"2","1","1","0","0",319,108,1806,20,47,63,54,39768,1110.56,1088,611,496
53,"1","1","1","1","2",426,104,2060,19,52,85,52,48934,1355.98,572,1007,186
54,"0","0","1","1","2",226,94,1915,20,42,45,47,23499,676.255,479,626,119
55,"0","1","1","1","3",258,98,2312,19,52,51,49,24196,843.72,831,1177,202
56,"2","0","0","1","2",354,106,2177,14,52,70,53,44155,1196.125,452,1290,-10
57,"1","1","1","1","1",296,99,2329,21,48,59,49,40052,1074.765,987,-278,403
58,"2","1","1","0","2",536,91,2864,24,52,107,45,53928,1453.06,859,691,456
59,"2","0","1","0","1",491,96,1951,7,54,98,48,59410,1569.325,1095,379,333
60,"3","1","1","1","2",321,103,2107,27,59,64,51,40326,1221.845,1327,1223,413
61,"1","1","1","1","3",457,92,1626,17,42,91,46,61215,1625.5,706,432,554
62,"1","1","1","1","1",491,90,1579,12,44,98,45,61172,1540.965,929,-90,111
63,"2","0","1","1","2",425,97,1870,15,40,85,48,50020,1401.6,821,-176,373
64,"2","1","1","0","1",435,97,1962,20,33,87,48,56938,1483.76,765,217,177
65,"2","1","1","1","2",517,98,1728,12,46,103,49,67205,1675.55,661,573,440
66,"1","0","1","1","0",351,90,2048,21,52,70,45,50156,1469.97,754,264,301
67,"1","1","0","0","1",358,99,2082,22,46,71,49,32407,778.99,1080,-74,253
68,"3","1","1","1","2",495,92,2123,25,45,99,46,55191,1357.145,1166,-47,79
69,"0","0","0","0","2",271,103,2543,16,51,54,51,39226,1007.945,902,216,199
70,"2","0","0","0","1",418,95,1685,15,49,83,47,49717,1310.765,1078,-71,-12
71,"0","0","0","1","1",396,102,2237,25,46,79,51,57998,1557.685,682,1570,121
72,"2","1","1","0","2",446,97,2098,11,52,89,48,47812,1429.79,1065,187,465
73,"2","0","1","0","1",502,99,1918,20,45,100,49,59845,1624.15,668,741,-146
74,"2","1","1","1","1",426,102,1768,19,45,85,51,62354,1367.98,738,19,74
75,"1","1","0","1","3",423,104,2074,29,40,84,52,55180,1467.3,703,896,251
76,"3","0","1","0","2",474,107,2304,21,44,94,53,41901,1250.92,1015,-621,152
77,"0","1","1","0","2",521,106,2396,14,54,104,53,64658,1545.11,1020,295,-23
78,"2","0","0","0","2",438,96,2101,14,42,87,48,50770,1235.125,1071,623,809
79,"1","1","0","1","0",301,83,1804,10,50,60,41,38178,1060.41,956,-222,452
80,"3","1","0","1","2",384,103,1679,20,38,76,51,31358,932.335,567,317,-7
81,"3","1","1","0","3",573,110,1420,25,50,114,55,82160,2053.85,832,676,-105
82,"1","1","1","0","1",364,105,2028,22,45,72,52,27287,797.64,1106,1614,-85
83,"1","1","1","1","2",468,88,1979,17,50,93,44,53264,1602.555,606,-25,23
84,"2","0","1","1","2",522,102,1853,14,53,104,51,57181,1581.245,700,-528,53
85,"2","1","1","1","1",479,106,2339,15,54,95,53,59931,1650.445,744,-284,256
86,"1","1","1","1","1",399,90,2124,20,47,79,45,34331,1207.77,1094,909,608
87,"2","1","0","1","2",421,92,2100,17,43,84,46,37127,1133.29,1076,265,182
88,"2","1","1","0","1",311,93,2137,20,39,62,46,44257,1248.015,853,217,197
89,"2","0","1","0","0",443,91,2172,19,53,88,45,65559,1734.13,654,319,456
90,"1","0","1","1","2",311,104,1928,15,49,62,52,24759,841.53,736,141,47
91,"2","1","0","1","2",314,96,1870,22,40,62,48,41465,1243.55,436,216,125
92,"2","1","0","0","2",301,99,2312,18,46,60,49,37458,907.51,429,772,314
93,"1","0","0","1","1",334,93,1947,24,51,66,46,51925,1554.375,834,-49,4
94,"2","1","1","1","1",505,106,2034,19,46,101,53,51318,1544.96,1049,-342,501
95,"2","1","1","1","2",360,95,2246,15,52,72,47,45686,1313.67,831,532,188
96,"2","1","1","1","3",392,99,2127,17,53,78,49,48906,1463.495,937,358,113
97,"2","0","0","0","2",353,105,1864,13,44,70,52,38448,1003.81,1325,-417,66
98,"2","0","1","0","2",454,101,2345,25,49,90,50,44011,1295.545,757,725,165
99,"2","1","1","0","0",493,111,1918,17,47,98,55,76346,1957.82,892,1237,34
100,"1","1","1","1","2",379,98,1881,23,47,75,49,33210,819.075,842,-95,-61
1,"1","0","1","1","1",461,98,1773,19,49,92,49,62233,1685.935,1115,476,212
2,"1","1","1","1","1",359,98,2197,17,46,71,49,43361,1218.895,822,-570,134
3,"2","1","1","1","2",505,100,2057,22,45,101,50,83561,2122.295,686,-164,541
4,"2","1","1","1","3",460,96,2113,20,41,92,48,51833,1399.485,762,896,-142
5,"2","1","1","1","1",501,112,1534,26,50,100,56,72068,1750.96,1034,793,234
6,"1","0","1","0","1",460,101,2097,21,50,92,50,61245,1616.225,878,1138,422
7,"2","0","1","1","2",420,100,1645,22,47,84,50,63008,1777.685,846,1684,326
8,"0","1","0","1","1",210,100,1954,22,52,42,50,21561,727.37,783,421,297
9,"2","0","1","0","0",331,90,2124,22,50,66,45,57695,1562.15,1101,1709,96
10,"2","0","1","0","0",448,102,2150,19,51,89,51,54067,1436.69,810,550,215
11,"2","0","0","1","2",353,101,1879,14,47,70,50,43970,1420.125,767,1193,0
12,"1","1","1","1","2",372,96,1968,23,52,74,48,46053,1368.76,620,497,395
13,"0","1","1","1","3",358,98,2218,15,48,71,49,25819,789.63,320,34,425
14,"1","1","1","1","3",561,97,1688,24,48,112,48,75112,1588.19,531,1435,169
15,"1","0","1","0","2",327,102,1662,14,48,65,51,25741,828.32,594,-631,198
16,"0","0","0","1","2",354,95,2254,17,52,70,47,43731,1158.47,828,48,32
17,"2","1","1","1","0",401,95,1543,18,47,80,47,62471,1508.345,1062,503,268
18,"2","0","1","1","2",421,102,1890,12,49,84,51,50378,1534.16,895,128,256
19,"1","0","1","0","1",418,95,1655,30,52,83,47,37977,1053.015,814,-185,349
20,"2","1","1","0","2",394,98,1544,16,43,78,49,46070,1081.8,1135,842,81
21,"2","1","1","1","3",250,100,1801,11,53,50,50,33267,897.365,652,103,448
22,"2","1","1","0","3",436,102,1858,21,42,87,51,43986,1142.27,768,848,-69
23,"1","1","1","1","1",451,95,2323,28,48,90,47,55868,1586.385,740,969,-13
24,"3","1","1","1","1",351,106,2289,20,44,70,53,44899,1261.655,1242,276,94
25,"2","0","1","0","1",467,100,2055,10,43,93,50,60352,1623.565,775,37,183
26,"0","0","1","1","1",323,93,1786,22,43,64,46,33524,1053.68,888,261,-272
27,"2","1","1","1","3",438,95,2334,15,51,87,47,58815,1515.05,646,629,366
28,"1","0","1","0","1",333,99,1669,24,34,66,49,42018,1153.335,1208,1126,128
29,"0","0","0","1","1",227,100,1907,14,44,45,50,18639,692.305,789,-235,96
30,"2","0","1","1","1",515,99,1921,16,55,103,49,90466,2277.195,445,865,310
31,"2","1","1","0","3",469,89,1684,13,50,93,44,46125,1327.65,422,142,380
32,"1","1","1","0","2",414,101,2202,18,49,82,50,55874,1597.23,744,476,-119
33,"0","1","0","0","3",549,96,1608,14,51,109,48,63495,1583.45,535,1168,0
34,"2","1","0","1","2",236,103,1637,24,55,47,51,28512,642.865,903,-321,553
35,"1","0","1","1","1",412,103,2244,29,44,82,51,48392,1307.54,863,482,24
36,"2","1","1","0","0",159,104,2092,21,42,31,52,24980,846.75,826,1436,352
37,"2","0","1","1","2",544,91,2043,14,44,108,45,84991,2097.295,1008,121,111
38,"3","0","0","0","1",312,95,1931,27,43,62,47,32952,734.515,798,-16,434
39,"1","0","1","1","2",269,101,2011,18,41,53,50,36242,1092.665,584,733,327
40,"1","0","0","0","3",312,99,2392,20,51,62,49,40704,1253.68,569,365,293
41,"0","1","1","1","1",283,99,1825,14,49,56,49,37444,1212.355,761,275,27
42,"1","1","1","1","2",201,92,1893,15,48,40,46,29217,872.515,1174,-177,57
43,"2","1","1","0","2",301,103,2020,14,42,60,51,31422,1014.89,759,111,52
44,"1","1","0","1","1",384,102,2363,25,37,76,51,48200,1406.975,1077,695,-81
45,"2","1","1","1","2",491,96,2316,12,38,98,48,57802,1676.69,878,-331,148
46,"0","0","1","1","2",440,96,1909,26,46,88,48,39512,1312.665,953,1344,265
47,"1","1","1","0","2",275,94,1755,18,43,55,47,33094,798.505,657,362,620
48,"1","0","1","1","2",335,100,1902,19,51,67,50,36029,1008.08,1183,412,16
49,"2","1","1","1","2",593,93,2104,11,57,118,46,71843,1830.61,1059,736,83
50,"1","0","1","0","2",441,93,2024,26,40,88,46,57031,1502.57,873,500,170
51,"3","1","1","1","2",270,101,2058,31,47,54,50,38603,1294.71,882,114,304
52,"1","1","0","1","2",663,101,1999,24,50,132,50,75635,1876.225,902,-609,250
53,"2","0","0","0","2",448,97,1477,11,47,89,48,27558,742.685,796,200,516
54,"0","0","0","1","3",485,90,2027,23,52,97,45,32990,1006.925,609,-175,86
55,"3","0","1","1","1",508,97,1721,9,57,101,48,63389,1632.605,735,866,-5
56,"2","1","1","0","1",422,95,1972,21,38,84,47,52919,1512.38,799,773,74
57,"2","1","0","1","2",406,98,1963,20,50,81,49,55152,1462.515,868,430,201
58,"1","0","1","0","1",301,102,1748,30,44,60,51,39292,992.99,608,-254,189
59,"2","1","1","0","2",268,99,2149,23,57,53,49,23997,850.865,840,431,306
60,"0","1","1","1","1",646,101,2010,18,55,129,50,89025,2180.45,563,229,-306
61,"2","0","0","1","1",333,97,2090,23,46,66,48,33706,959.62,639,1014,276
62,"1","1","0","0","0",491,103,2034,19,52,98,51,73432,1537.84,944,571,260
63,"0","0","1","1","1",496,101,1559,22,42,99,50,48892,1302.015,763,504,-187
64,"3","1","1","0","2",560,107,2155,22,34,112,53,66402,1620.715,1091,219,351
65,"3","1","0","0","1",583,101,1937,18,49,116,50,86418,1968.435,571,-161,250
66,"1","1","1","0","2",470,97,2023,22,53,94,48,52937,1482.315,708,252,203
67,"0","1","0","1","1",521,102,2005,18,53,104,51,51795,1291.875,370,1575,254
68,"1","1","1","1","3",287,100,1704,25,44,57,50,40860,1177.45,494,1594,103
69,"1","0","1","0","3",466,92,2017,23,56,93,46,64164,1496.805,897,154,72
70,"2","1","0","0","2",521,106,2142,15,41,104,53,44021,1156.42,1010,810,386
71,"2","1","1","1","1",423,95,2419,26,46,84,47,63039,1569.005,1146,-456,181
72,"1","0","0","0","1",358,100,2200,21,47,71,50,43567,1109.04,1075,16,565
73,"3","1","1","1","3",423,108,1785,22,47,84,54,32208,1006.135,1108,-740,120
74,"2","1","1","1","1",344,97,2011,17,41,68,48,35771,1186.495,1163,459,332
75,"0","1","1","1","1",349,104,1943,22,50,69,52,31907,910.065,374,749,436
76,"3","1","0","1","1",516,93,1666,19,45,103,46,59205,1371.85,692,176,198
77,"2","0","0","0","2",615,105,1995,21,52,123,52,80985,1997.625,608,-267,72
78,"2","1","0","1","0",229,102,2004,27,49,45,51,29434,1005.43,519,60,198
79,"2","0","1","1","1",239,96,2156,22,54,47,48,30353,1043.71,871,-657,614
80,"1","1","1","1","1",296,94,2039,12,47,59,47,36885,969.675,652,27,152
81,"1","1","0","1","2",432,88,2373,12,55,86,44,65607,1722.865,1000,171,-17
82,"1","0","1","1","2",311,107,2408,14,44,62,53,36574,1248.53,1071,155,17
83,"2","1","1","1","2",439,94,1685,13,49,87,47,39231,971.795,705,303,154
84,"1","1","0","1","1",423,102,1937,24,47,84,51,64592,1569.415,930,690,-168
85,"3","1","1","1","0",356,97,2239,18,52,71,48,50042,1506.215,567,-1080,215
86,"1","0","0","1","0",345,93,2135,18,44,69,46,36400,992.625,1074,715,351
87,"0","1","1","0","0",267,94,2282,24,47,53,47,35497,1274.04,632,314,117
88,"0","0","1","1","0",468,101,1886,22,52,93,50,42175,1222.15,914,-865,471
89,"1","1","0","0","1",616,96,1738,23,38,123,48,81804,1721.83,615,688,331
90,"1","0","1","0","2",358,94,1706,14,47,71,47,44650,1286.65,796,623,110
91,"2","1","0","0","3",264,99,1796,23,44,52,49,34050,883.3,711,93,260
92,"2","0","0","1","2",332,99,1921,18,47,66,49,46871,1211.545,782,914,287
93,"2","0","0","0","1",464,95,2137,17,58,92,47,46454,1215.405,1018,386,332
94,"3","1","1","1","1",477,101,1853,18,49,95,50,33145,1032.175,660,948,44
95,"0","0","0","1","2",667,98,1554,11,43,133,49,72881,1790.42,822,109,116
96,"1","0","0","0","1",262,100,2414,24,49,52,50,32196,899.07,1188,47,216
97,"0","1","1","0","2",405,89,1905,17,45,81,44,40707,1228.615,493,-32,19
98,"1","0","1","0","1",380,92,2203,8,49,76,46,56004,1565.355,607,30,316
99,"1","0","0","1","0",273,103,2185,16,47,54,51,31752,1103.415,1156,601,231
100,"1","1","1","1","0",333,102,1975,7,56,66,51,48177,1290.565,504,619,259
1,"1","1","1","1","2",266,96,2625,8,42,53,48,30427,1065.565,565,1258,299
2,"2","1","1","1","2",427,104,2116,15,48,85,52,37830,1213.15,985,696,166
3,"1","0","1","0","3",508,98,1868,20,51,101,49,49982,1311.44,859,679,22
4,"2","0","1","1","2",235,102,2196,26,40,47,51,31013,1039.31,795,-540,39
5,"3","0","1","1","0",354,101,1753,19,51,70,50,41344,1288.805,850,846,442
6,"0","1","1","1","2",546,99,2101,24,47,109,49,70763,1897.185,766,756,161
7,"2","1","1","1","0",232,95,1956,25,49,46,47,27859,807.18,971,434,187
8,"1","1","0","1","1",556,100,2250,17,42,111,50,65953,1700.01,794,317,407
9,"1","1","0","0","1",250,99,2093,22,46,50,49,25507,814.965,1059,-107,431
10,"1","1","1","1","3",281,104,2010,23,40,56,52,26289,859.78,674,865,264
11,"3","0","0","0","2",364,95,2010,22,52,72,47,49188,1330.11,466,118,374
12,"2","1","1","0","1",308,102,1941,27,50,61,51,25481,894.545,1018,704,294
13,"2","0","1","1","1",484,97,2127,24,38,96,48,62569,1554.355,532,575,367
14,"1","0","0","1","3",351,99,1885,24,48,70,49,26121,876.695,825,-194,35
15,"3","1","1","0","2",472,106,2004,24,40,94,53,65282,1531.74,440,594,105
16,"1","1","0","1","2",338,101,1789,19,39,67,50,31686,968.145,775,940,401
17,"1","0","1","0","2",434,100,2017,28,46,86,50,52334,1403.905,853,589,-90
18,"1","1","1","1","1",581,102,2089,17,48,116,51,66456,1571.995,757,303,-85
19,"2","0","1","0","2",545,105,1729,27,48,109,52,60559,1446.555,925,681,107
20,"0","1","1","1","2",441,102,1859,28,47,88,51,52633,1602.785,1145,497,305
21,"3","1","1","1","1",420,99,1911,20,39,84,49,56542,1588.515,427,46,382
22,"2","1","0","0","0",568,101,1870,21,57,113,50,73837,1697.79,434,757,323
23,"1","1","1","0","2",303,93,1801,16,42,60,46,40434,1086.055,902,372,231
24,"0","1","1","0","3",466,104,2212,16,48,93,52,33338,1022.36,915,261,204
25,"2","1","1","1","2",344,102,1634,20,49,68,51,41101,1062.57,943,1119,179
26,"0","1","1","1","0",644,102,1894,19,42,128,51,44131,1441.87,814,253,-66
27,"1","1","1","1","0",369,104,2016,11,51,73,52,52480,1327.65,756,365,523
28,"2","1","0","1","2",388,93,2417,27,41,77,46,40015,1412.925,635,484,177
29,"2","1","0","0","0",496,98,2013,17,50,99,49,51906,1220.045,603,536,-20
30,"2","1","1","1","2",459,105,1773,22,55,91,52,46480,1289.375,681,1028,494
31,"2","1","1","0","2",279,99,2245,25,39,55,49,39682,1107.515,812,78,-36
32,"2","1","1","1","0",369,99,1990,20,51,73,49,38220,1312.6,1074,-510,129
33,"0","0","0","0","1",440,98,2012,12,49,88,49,50140,1344.2,1015,336,671
34,"1","1","1","0","3",231,101,1768,13,49,46,50,34399,1049.83,753,718,250
35,"1","0","1","1","1",328,107,1912,22,50,65,53,36454,1014.38,1165,374,421
36,"2","1","1","0","2",374,96,1613,23,44,74,48,53099,1348.605,711,694,54
37,"1","1","0","1","2",299,100,1554,16,46,59,50,22176,778.92,824,561,370
38,"1","1","0","0","1",307,99,2197,18,41,61,49,24347,737.715,772,-477,-140
39,"2","1","1","1","2",444,99,1955,18,52,88,49,60729,1463.055,823,-582,126
40,"2","0","1","1","1",367,96,2059,11,45,73,48,29999,951.905,972,1474,438
41,"0","1","1","0","0",372,94,2451,19,47,74,47,48152,1233.015,1367,-235,-144
42,"2","1","1","0","3",528,93,1405,12,42,105,46,66556,1667.845,861,-124,770
43,"1","1","0","1","1",430,98,1699,17,46,86,49,46941,1295.795,925,174,-137
44,"2","1","0","1","1",527,99,1981,17,52,105,49,74662,1871.015,863,323,412
45,"3","0","1","1","2",503,108,1968,14,50,100,54,45613,1392.61,531,1137,270
46,"1","1","0","1","2",466,103,1901,25,42,93,51,64550,1559.925,973,376,241
47,"1","0","0","0","2",368,96,2461,15,45,73,48,46625,1228.125,1329,-710,172
48,"1","0","1","1","2",446,90,2264,18,53,89,45,64306,1640.52,811,-480,312
49,"1","0","1","1","1",447,102,2456,22,45,89,51,37868,1155.61,286,982,108
50,"1","1","1","1","1",653,97,1852,22,54,130,48,59740,1650.25,757,-314,42
51,"1","0","1","0","2",346,99,2188,14,55,69,49,30419,1137.98,790,70,357
52,"1","1","1","1","1",536,103,2101,22,38,107,51,50212,1372.965,611,-243,79
53,"2","1","1","0","2",414,105,2287,12,53,82,52,65103,1624.635,769,-267,46
54,"2","1","0","1","1",321,98,2014,16,50,64,49,46727,1221.74,418,463,219
55,"1","1","1","0","2",588,96,1812,19,53,117,48,104558,2315.86,767,1665,271
56,"1","1","1","1","2",455,104,2033,19,52,91,52,64569,1560.755,1060,108,355
57,"1","1","0","1","2",215,100,2201,21,54,43,50,26986,846.095,1148,207,221
58,"2","1","1","1","2",344,94,1773,15,48,68,47,36637,954.265,699,333,227
59,"1","0","1","0","3",397,102,1468,15,45,79,51,59866,1533.87,998,1135,307
60,"0","0","0","0","2",184,110,1714,21,56,36,55,12410,494.35,843,126,-59
61,"2","1","1","1","1",577,100,2366,21,45,115,50,63353,1643.26,743,186,71
62,"1","1","0","1","3",476,96,2134,19,50,95,48,44898,1412.01,665,604,575
63,"2","0","1","0","1",351,94,2515,21,54,70,47,37618,1262.185,796,-61,-81
64,"3","1","1","0","3",352,104,2039,25,59,70,52,56396,1424.195,885,-152,58
65,"1","1","1","0","3",433,99,1950,22,44,86,49,58741,1519.72,797,262,96
66,"1","0","1","1","1",302,98,2266,18,49,60,49,35794,1258.73,835,18,116
67,"2","0","1","1","3",346,95,1818,27,38,69,47,49266,1331.87,746,1142,422
68,"3","1","0","0","2",406,98,1860,29,49,81,49,35620,904.8,1082,59,372
69,"2","0","1","1","1",410,99,2198,13,50,82,49,50258,1454.61,567,-199,41
70,"3","1","0","1","2",516,99,2000,36,43,103,49,90324,2068.08,856,20,-121
71,"2","0","0","1","2",439,100,1922,13,49,87,50,30122,710.84,779,847,98
72,"0","0","1","0","2",386,95,1907,16,46,77,47,54110,1365.575,993,-27,133
73,"3","1","0","1","0",362,101,1741,30,43,72,50,56185,1363.825,748,1007,252
74,"1","1","1","1","2",527,94,1977,24,44,105,47,69513,1664.935,943,174,242
75,"2","1","1","0","1",330,100,1820,21,46,66,50,47483,1172.36,413,943,100
76,"3","1","0","1","2",456,92,2130,15,48,91,46,70996,1639.47,1010,1163,463
77,"2","0","1","0","0",430,90,1840,14,45,86,45,46481,1230.02,665,204,231
78,"1","1","1","1","1",421,95,1752,24,39,84,47,66022,1717.29,408,1229,224
79,"1","0","0","1","0",492,96,2094,19,53,98,48,70535,1695.85,628,779,185
80,"1","1","1","1","3",311,90,2207,21,41,62,45,39963,1264.885,1065,334,49
81,"2","1","1","1","2",399,89,1869,22,38,79,44,51217,1160.815,716,263,328
82,"1","1","1","0","1",380,108,2076,17,36,76,54,46127,1436.14,492,540,5
83,"1","1","1","0","1",176,102,1821,12,41,35,51,21340,663.725,950,433,212
84,"1","1","1","0","1",447,95,2448,10,47,89,47,47127,1488.09,951,276,86
85,"3","1","1","1","1",562,105,2071,27,51,112,52,44235,1372.975,392,86,346
86,"1","0","0","0","2",280,98,1858,18,46,56,49,31309,864.63,817,530,120
87,"3","0","0","0","1",565,103,2415,30,46,113,51,50371,1322.445,1234,640,-20
88,"1","0","1","0","1",420,102,2040,20,51,84,51,45203,1136.36,921,-48,-269
89,"1","1","1","0","0",538,102,1723,16,45,107,51,59565,1422.875,734,373,85
90,"0","1","0","0","2",314,101,1991,24,53,62,50,34009,1000.555,649,839,459
91,"1","1","1","1","1",468,94,2151,18,41,93,47,82847,2075.515,497,397,107
92,"3","0","1","0","2",341,95,1932,22,47,68,47,35219,922.33,564,-1219,339
93,"1","0","0","0","1",331,94,2124,10,54,66,47,38554,1054.93,521,-239,395
94,"3","0","1","1","1",437,107,1745,20,44,87,53,54262,1296.315,962,77,494
95,"1","0","1","1","1",531,98,2428,15,48,106,49,72072,1849.59,888,410,148
96,"2","0","0","0","2",431,99,2151,16,56,86,49,48637,1199.265,1317,72,132
97,"0","1","1","1","2",349,99,2033,20,51,69,49,47170,1311.975,563,-129,199
98,"2","0","1","0","1",525,99,2302,27,47,105,49,55016,1622.62,738,59,78
99,"0","0","0","1","1",369,96,1540,15,50,73,48,45715,1374.35,777,278,243
100,"3","1","1","0","3",481,100,1942,12,51,96,50,65636,1816.82,914,-378,319
1,"2","0","0","0","2",274,102,2149,23,53,54,51,22847,834.065,573,523,551
2,"1","1","1","1","1",476,100,1553,28,41,95,50,61502,1423.865,687,-10,-135
3,"1","0","1","0","1",319,108,2222,22,48,63,54,29933,998.16,1026,-168,153
4,"1","1","0","1","1",362,106,1835,11,44,72,53,48332,1212.215,544,586,277
5,"0","1","1","0","0",263,100,2339,15,44,52,50,32287,778.165,815,263,383
6,"1","0","0","1","2",751,97,2472,13,39,150,48,119942,2691.29,705,915,387
7,"3","1","1","1","2",278,98,1930,21,52,55,49,46001,1227.27,1076,-435,164
8,"2","1","1","1","2",419,94,1605,25,40,83,47,69282,1766.115,758,269,342
9,"1","1","1","1","0",409,105,2257,24,42,81,52,46906,1367.795,1107,611,184
10,"2","0","1","1","2",312,101,1938,24,40,62,50,35464,1076.63,782,616,75
11,"1","1","1","0","2",426,96,2186,33,43,85,48,53777,1370.29,590,1170,32
12,"2","1","0","0","2",465,102,2188,13,46,93,51,70603,1555.91,833,-49,-172
13,"2","0","1","1","0",476,98,2334,26,40,95,49,47594,1435.83,828,621,135
14,"2","0","0","0","2",176,101,1674,20,45,35,50,19263,458.91,855,-740,242
15,"2","0","0","1","1",309,96,1769,19,46,61,48,36189,904.455,815,-500,28
16,"1","0","1","1","1",383,102,1666,21,44,76,51,20414,589.38,762,637,303
17,"2","1","1","0","3",393,105,1982,11,48,78,52,43406,1093.92,763,438,-28
18,"1","1","1","1","2",349,100,2586,24,38,69,50,37519,1274.28,1056,1207,325
19,"1","0","1","0","0",452,93,2033,20,49,90,46,55966,1389.245,968,742,62
20,"1","1","1","0","1",403,91,2398,28,42,80,45,47811,1287.22,416,-125,376
21,"1","1","1","0","1",308,106,2450,9,49,61,53,51069,1388.43,828,844,180
22,"2","0","1","0","1",491,99,2411,21,50,98,49,66861,1862.145,803,542,361
23,"2","1","0","1","2",366,97,2157,17,45,73,48,34342,935.665,967,898,645
24,"2","1","1","1","3",409,106,1617,17,49,81,53,56006,1396.895,999,332,349
25,"2","1","1","0","2",612,99,1743,9,46,122,49,82361,1656.095,933,1198,673
26,"2","1","1","1","2",419,102,1767,23,43,83,51,23077,877.165,1110,379,338
27,"1","1","1","0","2",303,103,2257,20,47,60,51,27247,889.215,914,524,260
28,"1","0","1","1","1",371,102,2154,25,46,74,51,37999,1326.08,1032,1219,416
29,"1","1","0","1","2",416,99,1838,27,46,83,49,33973,1029.21,602,318,415
30,"2","1","1","1","1",288,97,1813,20,48,57,48,28047,918.465,687,-179,280
31,"3","1","1","1","1",207,89,1734,15,57,41,44,27459,938.38,659,-68,127
32,"3","1","0","0","2",352,97,2083,21,44,70,48,39617,928.515,1022,212,140
33,"3","0","1","1","3",453,102,2064,12,38,90,51,40780,1028.45,785,525,-130
34,"2","1","1","1","0",307,95,1801,24,41,61,47,36956,901.595,137,-634,541
35,"1","0","1","0","1",468,106,1661,21,40,93,53,62358,1441.885,849,-808,46
36,"2","1","0","0","1",552,101,1907,9,48,110,50,56685,1357.475,977,-268,508
37,"1","1","0","1","3",419,104,1829,11,57,83,52,52711,1351.995,354,-324,116
38,"1","0","0","1","1",569,97,1955,13,43,113,48,64588,1550.885,1121,229,525
39,"1","1","1","1","1",427,96,2104,11,49,85,48,56154,1431.03,991,597,155
40,"0","1","1","0","3",342,97,1689,17,49,68,48,23477,858.065,613,-437,406
41,"3","0","1","1","2",384,101,2040,15,53,76,50,42586,1329.82,982,998,431
42,"1","0","1","0","1",648,96,2145,21,51,129,48,91937,2167.065,923,754,53
43,"2","1","0","1","3",507,88,1946,17,42,101,44,50852,1327.34,470,466,-29
44,"1","0","0","0","1",434,101,1509,24,48,86,50,57560,1223.825,881,340,621
45,"2","1","1","1","0",422,96,2127,26,48,84,48,43034,1306.655,637,-173,446
46,"0","0","0","1","1",406,100,1653,18,46,81,50,34879,1056.905,619,399,57
47,"3","0","1","1","2",430,99,2625,19,44,86,49,41407,1258.965,1013,817,272
48,"2","1","1","1","2",550,106,1967,17,52,110,53,72878,1892.435,1251,202,408
49,"0","1","1","1","1",461,104,2024,13,50,92,52,38533,1234.41,874,-25,280
50,"3","0","1","0","2",408,107,1748,21,44,81,53,56938,1494.86,658,270,464
51,"1","0","1","0","1",160,99,1765,15,44,32,49,19489,564.205,764,1188,-40
52,"2","0","1","0","1",404,103,2392,15,42,80,51,52915,1509.5,929,-744,153
53,"2","1","1","0","2",433,94,2070,20,50,86,47,75098,1681.76,468,868,-60
54,"3","0","1","1","2",443,100,2008,17,47,88,50,51500,1280.55,489,320,176
55,"2","1","1","0","1",421,97,2155,12,49,84,48,50135,1261.925,879,1465,243
56,"1","0","1","1","3",411,97,2079,27,48,82,48,38803,1252.685,703,569,-17
57,"2","1","1","1","0",200,104,1927,24,58,40,52,32205,941.575,867,-598,294
58,"1","1","1","1","2",550,91,1783,29,40,110,45,50069,1266.755,553,1012,199
59,"1","0","0","0","1",435,101,1907,22,43,87,50,49886,1209.445,1013,219,35
60,"1","0","1","1","2",443,110,2439,22,43,88,55,50558,1304.685,755,-247,52
61,"0","0","0","1","0",476,101,1974,25,47,95,50,53937,1449.59,401,450,296
62,"0","1","1","1","0",440,98,2010,19,42,88,49,67731,1653.77,740,1156,178
63,"2","0","0","0","2",202,93,1867,24,53,40,46,27100,911.475,804,1200,255
64,"0","1","1","1","3",291,95,1857,19,50,58,47,43720,1179.475,424,5,-14
65,"3","0","1","1","2",506,97,2028,19,54,101,48,62732,1874.44,606,-20,466
66,"1","0","0","1","0",612,103,2101,19,43,122,51,73505,1767.825,993,-302,237
67,"1","1","0","1","0",349,106,2344,19,39,69,53,34346,1118.77,771,666,238
68,"1","1","1","1","2",440,101,2199,10,53,88,50,67027,1695.815,793,120,-35
69,"2","1","1","1","3",604,105,1829,18,46,120,52,97620,2399.125,913,411,289
70,"1","1","1","1","0",380,106,1710,19,49,76,53,50258,1163.31,628,246,362
71,"1","1","1","1","0",537,103,1324,11,45,107,51,33007,988.39,1090,637,-2
72,"2","1","1","1","1",348,105,1865,20,40,69,52,45858,1277.185,808,443,324
73,"1","1","1","1","1",328,107,1970,22,45,65,53,44159,1135.23,1204,124,49
74,"3","1","1","1","0",382,90,2403,25,35,76,45,43266,1136.795,791,1184,195
75,"0","0","1","1","1",359,100,2077,21,43,71,50,42618,1062.335,799,1222,290
76,"3","0","0","0","1",482,89,2073,18,45,96,44,57852,1582.465,942,904,-186
77,"1","1","1","1","1",321,101,1649,14,56,64,50,37584,978.955,925,310,179
78,"3","1","0","1","1",306,97,1843,24,46,61,48,33622,978.815,601,563,224
79,"1","1","0","1","2",441,99,1993,30,41,88,49,48211,1189.395,816,657,258
80,"2","0","1","0","3",609,94,2001,27,43,121,47,90158,2109.135,863,-415,38
81,"0","0","1","0","2",355,97,2074,22,56,71,48,36756,1052.62,1080,-504,26
82,"2","0","0","1","1",290,100,2254,32,49,58,50,39000,1248.35,662,-32,149
83,"1","0","1","0","3",347,106,2617,24,50,69,53,25605,927.575,328,36,536
84,"2","1","1","0","1",351,102,1835,25,46,70,51,62713,1614.485,648,630,194
85,"1","0","1","1","2",412,89,2019,27,51,82,44,41280,1210.275,994,946,-6
86,"2","0","1","1","0",392,98,1789,20,49,78,49,57209,1438.105,716,125,464
87,"2","0","1","0","1",364,92,2061,18,44,72,46,50396,1338.145,927,154,292
88,"0","1","1","1","2",195,106,1905,27,46,39,53,31457,1006.915,679,321,289
89,"2","1","1","1","0",324,107,2466,21,52,64,53,42281,1265.07,512,941,420
90,"1","1","1","0","2",241,107,2250,24,52,48,53,30076,1098.12,1072,1639,204
91,"3","0","0","1","0",371,99,2294,23,46,74,49,45356,1279.22,573,-93,123
92,"0","0","0","0","0",330,100,1852,15,44,66,50,26446,802.82,751,588,428
93,"2","1","1","1","1",382,105,1853,22,52,76,52,38750,1099.625,1011,62,-69
94,"0","1","1","1","3",377,99,2069,15,48,75,49,47932,1512.315,1200,71,18
95,"1","0","1","0","1",491,110,1692,11,49,98,55,37885,1161.75,1050,-577,330
96,"3","0","0","1","0",288,100,1975,20,48,57,50,32456,1047.195,817,5,-58
97,"1","1","0","0","2",333,105,2374,24,53,66,52,54397,1413.54,825,-387,546
98,"0","1","1","1","1",312,102,2373,21,51,62,51,27349,984.605,965,372,308
99,"1","0","0","0","1",386,98,2447,17,52,77,49,47428,1311.435,926,-27,207
100,"3","1","1","0","1",430,99,1799,10,55,86,49,64676,1656.295,780,235,102
1,"2","1","0","1","1",616,91,2418,14,48,123,45,47462,1452.59,955,518,240
2,"1","1","1","0","1",488,100,1692,22,42,97,50,74356,1728.42,1038,-186,328
3,"2","0","0","0","1",450,100,2052,16,53,90,50,47058,1323.06,764,348,-103
4,"2","1","1","0","1",411,96,2063,21,53,82,48,57758,1546.585,1147,60,115
5,"1","0","0","1","2",370,95,1748,28,42,74,47,63692,1650.34,1054,911,183
6,"0","1","1","0","3",477,99,2014,26,51,95,49,63548,1714.16,870,-661,421
7,"2","1","1","1","1",612,100,2262,19,41,122,50,56752,1807.39,398,624,571
8,"2","0","1","1","1",454,107,2041,25,49,90,53,59838,1670.685,1208,1074,-2
9,"3","0","0","1","3",553,102,2317,21,46,110,51,62197,1642.115,767,633,152
10,"1","1","0","1","1",566,97,2358,23,55,113,48,78740,1949.35,955,-449,287
11,"0","1","0","1","0",352,96,1980,19,49,70,48,37799,1023.48,949,288,63
12,"2","1","1","1","1",363,102,2081,11,51,72,51,40699,1279.655,796,1174,116
13,"0","0","0","0","3",348,107,2060,20,53,69,53,49061,1390.12,570,895,85
14,"2","1","0","1","2",439,110,1974,19,37,87,55,58600,1516.3,461,1378,181
15,"2","1","1","1","2",368,104,1544,9,51,73,52,47124,1305.28,850,1046,86
16,"3","0","1","1","0",331,92,1908,15,44,66,46,43200,1111.15,927,838,25
17,"2","1","0","1","1",563,105,1841,20,42,112,52,48468,1324.335,608,11,-385
18,"1","0","1","0","2",331,99,2408,25,49,66,49,27297,950.79,1132,744,-27
19,"1","1","1","1","2",368,97,2132,17,48,73,48,45801,1405.12,909,568,-40
20,"2","1","1","1","1",335,92,2623,10,48,67,46,36751,1155.645,802,-1434,87
21,"1","0","1","1","1",463,100,2175,21,51,92,50,48398,1355.185,728,2,160
22,"1","0","0","1","2",402,104,2050,21,50,80,52,31830,918.45,974,282,56
23,"3","0","0","1","2",422,91,1931,22,43,84,45,60495,1412.975,927,1083,419
24,"3","0","1","1","2",375,101,1790,10,47,75,50,62460,1705.5,557,106,304
25,"2","1","1","1","2",402,103,2106,17,51,80,51,28366,926.77,737,-843,-175
26,"1","1","1","1","1",275,93,2128,18,40,55,46,18521,749.27,830,540,228
27,"1","1","1","1","0",279,105,1496,23,48,55,52,34874,1008.03,737,-238,168
28,"0","1","1","1","2",427,101,1490,18,43,85,50,37710,1018,691,-183,169
29,"3","0","0","1","1",572,99,2314,21,51,114,49,37437,1159.69,690,798,199
30,"2","1","1","0","3",293,97,1969,18,51,58,48,30253,914.435,944,495,65
31,"2","0","1","1","2",388,107,2118,16,44,77,53,52254,1497.93,649,-475,55
32,"3","1","1","1","2",335,97,2100,21,49,67,48,49254,1286.03,1116,1783,477
33,"0","1","1","1","1",494,99,1521,17,51,98,49,46160,1355.725,922,-108,226
34,"3","1","1","1","1",591,108,2143,19,51,118,54,86072,2192.665,959,975,84
35,"3","0","1","1","1",299,104,1682,24,51,59,52,32751,1146.12,761,802,-87
36,"0","1","0","0","2",454,98,1716,21,45,90,49,43826,1232.12,741,943,226
37,"1","0","0","0","2",403,105,2042,22,49,80,52,58739,1384.78,975,1579,301
38,"0","1","0","1","1",368,89,2113,21,45,73,44,36912,1050.265,480,93,-91
39,"1","1","1","1","1",428,95,1765,27,43,85,47,68453,1606.585,864,591,119
40,"2","0","0","1","1",365,96,1813,28,43,73,48,34495,1051.475,1044,628,-51
41,"2","1","0","0","3",411,100,1819,23,40,82,50,63755,1551.325,489,-297,127
42,"3","0","0","0","2",454,97,1996,16,49,90,48,83665,1874.7,706,687,-76
43,"2","0","1","0","2",514,98,1967,26,39,102,49,54233,1593.535,1106,529,-151
44,"0","0","1","1","2",271,103,2000,27,43,54,51,31302,997.89,837,58,15
45,"2","1","0","0","2",491,99,2171,17,47,98,49,52360,1477.425,771,-183,-35
46,"1","0","0","0","1",315,96,1994,31,41,63,48,43842,1173.64,646,581,441
47,"0","0","1","1","3",258,92,1790,17,46,51,46,40972,1164.59,935,581,412
48,"1","0","1","1","0",133,98,1921,16,49,26,49,16035,725.775,1034,680,74
49,"1","0","0","1","1",483,98,1862,22,39,96,49,64557,1730.94,830,79,507
50,"2","0","0","0","2",637,101,2648,21,46,127,50,37536,1201.37,457,-124,34
51,"1","0","0","1","2",401,100,1997,16,54,80,50,33683,1060.335,979,-97,459
52,"2","1","1","0","1",236,107,2439,25,42,47,53,33983,1148.735,766,818,3
53,"2","0","1","0","1",448,100,2418,27,50,89,50,57136,1365.07,532,141,297
54,"2","0","1","0","2",298,106,1919,9,46,59,53,34348,1009.835,496,777,273
55,"0","0","1","1","3",509,96,1943,24,45,101,48,59325,1346.325,702,-265,401
56,"1","1","1","1","2",286,97,2029,24,44,57,48,39807,1117.565,586,297,209
57,"2","1","0","1","2",398,100,1705,13,46,79,50,56452,1363.965,468,-28,426
58,"2","1","0","0","1",429,99,1965,18,44,85,49,55037,1352.915,762,195,493
59,"2","0","1","1","1",720,103,2177,23,46,144,51,114706,2635.445,909,-48,435
60,"1","1","0","1","2",408,103,1755,17,48,81,51,40525,949.075,690,529,204
61,"2","0","1","1","3",457,102,2187,13,47,91,51,63136,1667.145,838,722,163
62,"3","1","1","0","2",452,108,2155,16,43,90,54,55680,1446.275,1039,-512,366
63,"3","1","0","0","1",355,110,2100,22,51,71,55,48089,1211.33,893,-201,233
64,"1","1","1","1","2",332,107,1820,12,43,66,53,54493,1554.16,976,100,207
65,"1","0","1","1","1",615,105,2077,20,42,123,52,73519,1827.455,1086,434,225
66,"1","1","0","1","3",459,91,2373,14,40,91,45,71865,1841.375,440,639,113
67,"2","1","1","1","0",361,97,1934,19,44,72,48,37204,1324.88,759,-315,143
68,"3","1","1","1","1",471,98,1350,20,53,94,49,50288,1296.16,820,1091,-98
69,"1","0","1","0","1",570,92,1971,34,49,114,46,65319,1680.755,1040,937,170
70,"2","1","1","0","2",507,101,1981,16,49,101,50,54724,1467.055,727,148,218
71,"2","0","0","1","2",477,103,1437,16,56,95,51,49046,1384.895,646,253,454
72,"2","1","0","1","1",405,108,2101,13,45,81,54,46229,1344.055,551,255,144
73,"2","1","1","1","3",291,96,1890,23,47,58,48,25737,958.14,868,1263,328
74,"1","1","0","1","1",399,100,2234,20,53,79,50,63419,1570.88,985,1552,292
75,"2","1","0","1","2",603,94,1658,17,45,120,47,59882,1522.64,940,711,-38
76,"3","1","1","0","1",288,100,2126,18,52,57,50,30466,795.47,761,200,323
77,"1","0","1","1","3",513,96,1954,17,39,102,48,58816,1585.42,1051,656,56
78,"0","1","1","1","2",338,103,1805,19,50,67,51,45671,1214.145,262,-503,245
79,"2","0","0","1","3",180,107,2116,20,46,36,53,20300,735.8,899,-33,335
80,"2","1","0","1","2",278,97,2092,25,46,55,48,27858,814.36,644,547,89
81,"2","1","0","1","1",395,105,2115,12,51,79,52,49476,1402.445,479,53,329
82,"2","1","0","1","2",559,105,2391,14,51,111,52,53985,1554.525,777,986,674
83,"2","1","1","1","1",492,115,2230,26,33,98,57,49729,1326.33,735,586,223
84,"1","0","1","0","1",482,100,1860,28,56,96,50,51111,1409.22,390,612,306
85,"2","1","1","1","1",502,96,2062,14,53,100,48,42718,1058.51,582,546,511
86,"1","0","1","1","1",352,99,1967,11,41,70,49,40992,1078.415,976,105,215
87,"0","1","1","1","1",563,103,1312,19,52,112,51,72334,1808.23,459,368,111
88,"1","0","1","0","0",336,91,2292,20,41,67,45,25951,703.52,517,369,496
89,"2","1","0","1","1",262,103,1882,17,50,52,51,32361,924.57,1014,24,161
90,"1","1","1","1","1",374,101,2008,11,55,74,50,43864,1198.68,734,1397,333
91,"3","0","1","1","3",567,85,1816,13,55,113,42,60972,1548.09,1145,612,246
92,"1","1","0","1","3",145,107,2454,27,55,29,53,16252,675.94,1064,742,328
93,"3","1","1","0","0",401,92,1986,10,40,80,46,62657,1684.64,1081,34,-100
94,"2","0","1","1","3",596,92,1866,22,47,119,46,49705,1480.25,991,-5,262
95,"2","0","1","1","2",361,94,1760,25,45,72,47,55328,1493.01,707,543,199
96,"1","1","0","0","1",491,98,2004,18,45,98,49,65273,1506.61,1047,342,162
97,"1","1","1","0","1",255,90,2397,24,51,51,45,31328,849.435,712,-123,333
98,"3","1","1","1","1",287,100,1850,20,58,57,50,35233,1172.06,378,-3,-29
99,"0","0","0","1","1",302,101,1985,10,52,60,50,32417,1149.865,1112,145,414
100,"2","1","0","1","1",393,100,1908,17,43,78,50,54403,1667.21,1138,550,71
1,"3","0","1","0","0",186,101,2036,19,51,37,50,27999,855.88,940,903,106
2,"0","1","1","1","1",273,100,1533,15,47,54,50,34176,919.995,686,334,338
3,"2","1","1","1","0",408,94,2105,24,50,81,47,49388,1356.085,971,1024,20
4,"1","1","0","1","2",418,103,1600,20,54,83,51,43352,987.64,788,-298,168
5,"2","0","0","1","1",418,104,1794,11,52,83,52,26486,803.57,664,-665,153
6,"3","1","0","1","0",421,103,1969,11,45,84,51,37464,1119.355,594,549,88
7,"1","0","0","1","3",335,91,2164,20,43,67,45,35092,932.49,650,827,270
8,"0","0","1","0","1",425,97,1946,23,40,85,48,65408,1603.66,1203,97,304
9,"2","1","1","1","3",353,99,1799,24,49,70,49,37011,1124.945,960,770,214
10,"1","0","1","1","1",280,110,1522,32,49,56,55,42269,1338.73,828,-436,513
11,"3","1","1","1","3",412,100,1529,19,46,82,50,57024,1300.705,1019,722,322
12,"2","1","1","1","3",296,97,1728,29,50,59,48,37891,1121.22,581,285,284
13,"2","1","1","1","1",380,100,2507,25,48,76,50,42336,1382.395,1033,665,81
14,"0","1","1","0","2",302,98,2033,23,51,60,49,36413,1254.685,815,1170,-112
15,"2","1","1","0","3",405,103,2071,22,58,81,51,63883,1536.085,820,77,-71
16,"2","0","1","1","2",188,102,1888,16,44,37,51,26081,897.22,809,41,451
17,"1","0","1","0","3",497,106,2511,16,54,99,53,38054,1260.405,847,1100,171
18,"2","1","1","1","1",437,93,2084,16,42,87,46,41316,1071.77,1146,832,214
19,"0","0","1","1","0",472,101,1714,14,44,94,50,69399,1662.73,753,63,372
20,"2","1","1","0","2",587,98,2032,17,47,117,49,62805,1628.65,611,453,117
21,"2","1","1","0","3",360,97,1382,17,42,72,48,42424,1245.83,825,-103,359
22,"1","0","0","0","1",411,94,1579,23,47,82,47,46637,1146.065,650,769,116
23,"1","1","1","0","1",340,105,2001,12,53,68,52,30402,1159.165,349,1113,-104
24,"1","1","1","1","1",441,92,2242,29,48,88,46,43677,1280.74,915,531,761
25,"2","1","1","1","1",345,96,2173,21,48,69,48,37782,956.015,845,-866,-261
26,"2","0","1","1","1",516,105,2024,22,40,103,52,57376,1572.02,941,719,182
27,"1","0","0","0","2",463,108,1879,24,45,92,54,49580,1243.325,1023,529,306
28,"2","1","1","1","2",387,103,2017,20,45,77,51,44421,1392.695,973,215,426
29,"3","1","1","1","0",418,103,1990,22,38,83,51,39900,1333.95,637,337,296
30,"2","0","1","1","1",348,91,2048,17,38,69,45,46540,1394.8,860,381,197
31,"2","1","1","0","1",406,107,1772,27,43,81,53,53440,1442.3,549,645,286
32,"1","0","1","0","1",381,95,1864,22,47,76,47,56751,1329.47,852,327,503
33,"1","1","1","1","0",259,103,1933,12,37,51,51,34385,1037.475,1294,466,87
34,"1","1","1","1","2",422,104,2128,32,43,84,52,74047,1866.94,1066,1069,78
35,"2","1","1","1","2",311,94,1624,17,46,62,47,39467,1260.59,513,-474,121
36,"2","1","1","1","0",383,101,1699,24,45,76,50,27084,989.205,1052,564,-2
37,"1","1","0","0","2",375,100,2262,24,55,75,50,33214,862.68,629,428,291
38,"2","1","1","1","2",397,103,1545,22,44,79,51,63617,1333.215,1104,72,544
39,"2","1","1","1","2",368,103,2300,24,40,73,51,50372,1394.04,574,386,326
40,"3","1","0","1","1",358,96,1408,23,55,71,48,51198,1498.26,972,572,173
41,"0","1","0","1","2",297,94,1912,17,47,59,47,24638,813.41,1025,706,6
42,"3","0","0","0","1",509,107,2407,25,47,101,53,49558,1327.385,610,615,271
43,"0","0","1","1","2",481,92,2035,22,46,96,46,32866,1017.745,796,63,-315
44,"0","1","1","1","3",416,103,2078,16,44,83,51,57894,1888.73,762,123,395
45,"3","0","1","1","2",403,103,2334,23,44,80,51,43314,1314.18,1166,96,86
46,"2","1","1","1","1",507,96,1495,17,53,101,48,40352,1181.865,904,-346,489
47,"2","1","1","1","2",437,101,2152,12,46,87,50,79021,1892.17,633,425,227
48,"0","1","1","1","3",292,104,1866,24,54,58,52,40499,1152.03,711,503,55
49,"2","0","1","0","2",418,96,2341,21,41,83,48,39324,1087.805,782,-92,83
50,"1","1","0","0","1",558,94,1910,20,47,111,47,104108,2344.91,854,300,340
51,"1","1","1","0","3",374,92,2209,19,54,74,46,42369,1148.705,576,-364,210
52,"3","0","0","0","2",434,93,1831,22,46,86,46,41504,876.755,736,341,144
53,"3","1","1","0","1",387,101,1754,27,49,77,50,44040,1278.1,569,-156,-44
54,"2","1","1","0","1",300,111,2291,16,41,60,55,34708,871.335,487,555,323
55,"2","0","1","1","2",297,110,2166,16,49,59,55,39229,1379.68,794,704,312
56,"3","1","0","1","1",484,96,2157,17,51,96,48,44336,1275.945,1006,739,370
57,"3","1","1","1","1",484,101,1835,24,60,96,50,52502,1404.115,971,-516,441
58,"2","0","1","0","3",446,105,1851,19,58,89,52,46309,1209.055,810,220,368
59,"3","0","1","1","2",273,100,1860,19,54,54,50,33708,960.61,808,742,242
60,"3","1","0","1","3",289,100,1973,19,50,57,50,41332,1117.615,609,-99,169
61,"3","1","0","0","1",210,99,1613,15,53,42,49,23928,548.385,904,135,-71
62,"2","0","1","1","1",449,102,1587,19,45,89,51,35835,999.125,645,521,387
63,"1","1","1","0","2",329,105,1807,23,50,65,52,34561,1013.345,891,209,80
64,"1","1","1","1","1",577,102,2081,20,43,115,51,50097,1481.415,1023,333,303
65,"0","0","1","0","2",375,98,1826,23,51,75,49,55069,1550.58,612,306,120
66,"1","1","1","1","1",188,92,2256,33,50,37,46,16308,799.06,860,981,15
67,"1","1","1","0","2",341,100,2357,25,58,68,50,23409,852.155,793,919,275
68,"2","1","0","1","1",348,95,1816,11,58,69,47,40055,923.9,505,256,574
69,"1","1","0","1","1",451,96,1830,19,43,90,48,53283,1307.76,877,-1171,247
70,"2","0","1","0","2",337,101,2221,23,48,67,50,42562,1181.915,274,133,309
71,"3","1","0","1","2",419,106,1812,9,53,83,53,50176,1276.77,566,307,548
72,"1","1","1","0","1",257,101,2221,21,38,51,50,30101,953.495,857,1249,59
73,"1","1","1","1","3",440,96,2483,12,49,88,48,86565,2077.375,447,48,74
74,"2","0","1","0","0",516,100,2153,19,46,103,50,85639,2184.205,1044,201,87
75,"2","0","1","1","1",432,107,2117,22,43,86,53,58818,1763.785,739,559,61
76,"2","0","1","1","2",298,104,1934,25,52,59,52,28781,1051.37,902,311,708
77,"1","1","1","1","0",410,103,2282,14,39,82,51,54100,1677.35,578,167,356
78,"2","0","1","1","3",499,92,2051,20,53,99,46,74166,1756.145,1119,822,231
79,"2","1","0","1","1",510,97,2087,25,45,102,48,55750,1544.075,728,395,210
80,"2","1","1","1","2",428,107,2227,17,47,85,53,55362,1325.115,698,254,185
81,"1","1","1","0","3",359,103,2199,27,47,71,51,46759,1228.705,908,107,38
82,"2","1","1","1","2",528,91,2289,23,45,105,45,55064,1535.705,711,681,632
83,"1","1","0","1","1",374,95,2508,22,42,74,47,50334,1522.78,842,-456,414
84,"2","1","1","0","2",285,98,2031,19,43,57,49,36943,1031.985,1055,1366,169
85,"1","0","0","0","2",426,94,2211,17,48,85,47,44442,1063.415,611,-1,97
86,"2","0","1","1","2",463,103,2059,20,50,92,51,54510,1560.025,630,212,222
87,"2","1","1","0","0",259,96,2254,20,48,51,48,28056,779.22,861,185,168
88,"1","1","0","0","1",248,104,2079,16,51,49,52,27905,809.475,872,1376,379
89,"0","1","1","1","2",369,99,1793,24,46,73,49,42381,1284.095,1152,807,-187
90,"3","0","0","1","2",449,96,1769,17,54,89,48,56039,1548.055,860,32,204
91,"1","0","1","1","2",310,96,2253,23,40,62,48,51746,1686.945,669,637,-102
92,"2","1","0","1","1",242,98,1654,19,45,48,49,25828,736.61,1112,-150,571
93,"3","1","1","1","0",349,99,2138,14,47,69,49,42759,1150.88,745,414,55
94,"2","1","1","1","2",337,103,1984,25,51,67,51,52772,1344.19,684,12,186
95,"2","0","1","0","2",331,90,2209,24,58,66,45,31545,1088.775,712,1245,520
96,"0","1","1","0","0",377,105,1950,26,38,75,52,37934,1030.18,1210,388,92
97,"2","1","1","1","0",438,103,1910,26,49,87,51,43600,1203.45,608,886,394
98,"2","1","1","0","2",319,102,1912,18,39,63,51,40766,1098.17,735,839,295
99,"3","1","0","0","2",345,91,1491,23,43,69,45,36907,894.465,733,1335,132
100,"1","1","1","1","2",521,95,1985,12,45,104,47,37355,1076.475,1044,277,191
1,"3","0","1","1","1",358,94,2428,19,53,71,47,34982,1117.64,880,615,99
2,"0","1","1","1","1",416,103,2039,27,46,83,51,51366,1404.595,982,775,183
3,"1","0","0","1","2",243,109,1730,24,47,48,54,29285,981.1,851,477,343
4,"1","1","1","1","1",546,92,2514,21,57,109,46,67457,1794.69,1131,1185,347
5,"3","0","0","0","2",250,98,1914,20,49,50,49,29719,966.83,624,1122,271
6,"1","0","1","1","2",284,104,2346,14,45,56,52,30430,1127.35,901,597,233
7,"1","1","1","1","2",197,102,2026,23,48,39,51,27074,1070.88,422,845,247
8,"3","0","1","0","1",331,94,1852,24,46,66,47,33579,1028.03,935,1054,307
9,"1","0","1","0","1",450,107,1993,25,49,90,53,37909,1130.905,745,-719,270
10,"0","1","0","0","1",474,92,2054,8,47,94,46,86662,2111.39,856,-281,118
11,"1","0","1","0","1",417,96,1969,19,49,83,48,62665,1700.675,681,251,350
12,"1","1","1","0","2",356,105,1722,22,44,71,52,45235,1171.85,860,682,33
13,"2","1","0","1","2",494,103,2050,25,42,98,51,49522,1338.39,847,-78,-46
14,"1","0","1","1","2",489,95,2008,18,45,97,47,66716,1706.57,659,-209,217
15,"2","0","1","1","3",230,99,1660,13,53,46,49,16982,559.14,322,319,174
16,"3","1","0","0","1",328,106,1700,13,47,65,53,24403,700.56,911,12,475
17,"1","1","0","0","0",366,100,2089,18,43,73,50,48149,1209.505,683,699,-34
18,"2","0","1","0","1",498,98,2394,23,47,99,49,68313,1647.21,964,9,56
19,"1","0","0","1","2",301,102,2431,20,47,60,51,33669,1043.205,655,733,474
20,"1","1","1","1","1",426,102,2036,14,42,85,51,70596,1726.52,800,809,274
21,"2","1","1","0","1",327,87,1831,18,52,65,43,41932,1078.565,818,46,36
22,"2","1","1","1","1",537,95,2121,18,57,107,47,54231,1352.595,807,741,39
23,"1","1","1","1","1",340,101,1696,9,41,68,50,41693,1122.96,1189,30,179
24,"2","1","1","0","2",372,108,1927,21,49,74,54,63884,1491.955,740,1488,-56
25,"0","0","0","1","1",440,102,1770,17,60,88,51,48201,1424.17,530,813,165
26,"1","1","0","1","1",484,101,2193,19,43,96,50,66066,1644.945,644,595,532
27,"1","1","0","1","3",451,102,1759,9,43,90,51,40603,1135.885,820,55,297
28,"1","0","1","1","2",557,98,1732,11,42,111,49,88989,2166.23,796,639,183
29,"3","1","1","1","1",388,98,1987,23,45,77,49,52707,1413.515,661,1256,297
30,"1","1","0","0","2",351,105,1745,22,48,70,52,37299,891.155,651,1239,304
31,"1","0","1","1","1",162,101,1694,20,38,32,50,15341,536.57,1004,2177,563
32,"1","1","1","0","1",336,96,2189,20,51,67,48,37075,1033.625,837,175,-271
33,"2","0","0","1","1",403,100,2443,24,51,80,50,51349,1489.005,987,379,33
34,"2","1","1","0","0",389,102,1777,14,51,77,51,50136,1306.995,715,-229,13
35,"2","1","1","0","2",212,103,2216,21,53,42,51,25288,1028.06,651,585,308
36,"2","1","1","1","2",392,98,2050,23,51,78,49,53245,1622.95,926,577,-22
37,"1","1","1","0","3",368,108,1792,24,48,73,54,53860,1332.6,862,992,186
38,"2","0","0","0","1",411,98,2129,23,40,82,49,62526,1424.295,662,702,-81
39,"2","0","1","0","3",453,92,2056,16,35,90,46,63544,1443.83,829,856,-16
40,"1","1","1","0","2",380,102,2381,22,47,76,51,72291,1760.545,983,937,-178
41,"1","1","1","1","1",566,105,1805,15,48,113,52,72355,1787.825,670,514,326
42,"0","0","0","0","2",431,90,2108,21,43,86,45,60715,1518.75,802,-1164,118
43,"2","1","1","1","0",460,99,2147,26,54,92,49,39449,1143.255,960,878,-39
44,"2","1","1","1","1",257,89,2352,26,39,51,44,22362,860.49,1025,476,95
45,"2","1","1","0","2",352,94,1807,26,42,70,47,37965,1161.975,715,66,-37
46,"0","1","1","1","1",351,100,1917,18,34,70,50,41092,1095.215,1182,1218,-136
47,"3","1","1","1","2",502,93,2470,25,38,100,46,53156,1429.57,882,-219,44
48,"0","0","1","0","1",290,95,2083,13,52,58,47,34669,1038.255,538,180,33
49,"3","0","0","1","1",308,93,1798,28,47,61,46,31311,838.17,447,73,276
50,"1","1","1","0","3",505,99,2138,19,50,101,49,57132,1346.94,906,-297,189
51,"2","1","1","1","1",256,88,1978,15,47,51,44,33910,1159.25,676,219,164
52,"1","1","1","1","1",453,103,2359,18,50,90,51,58524,1452.105,1011,-115,343
53,"1","1","1","1","3",295,94,1868,16,37,59,47,36889,1024.73,676,115,354
54,"0","1","1","1","3",408,98,2320,18,44,81,49,49823,1530.86,939,440,170
55,"1","1","0","0","2",382,102,2705,19,36,76,51,40681,1405.545,492,-354,443
56,"1","0","0","0","3",346,94,1711,14,41,69,47,32407,702.215,657,418,293
57,"2","1","1","1","1",409,108,2400,22,44,81,54,34163,990.11,708,586,381
58,"1","1","1","0","3",297,98,2226,27,45,59,49,25902,733.14,552,-333,-24
59,"2","0","1","1","1",443,109,2110,21,48,88,54,49652,1469.74,805,883,94
60,"2","0","0","1","2",550,96,2235,23,55,110,48,93181,2299.895,722,-599,637
61,"3","1","1","0","0",372,98,2454,28,44,74,49,48259,1253.53,1214,-190,68
62,"2","0","0","0","2",487,96,1966,18,45,97,48,59983,1593.66,811,851,30
63,"0","0","1","1","3",278,104,1912,21,44,55,52,38116,1213.12,512,-101,304
64,"0","1","1","1","2",210,98,1883,24,53,42,49,25434,804.055,535,92,406
65,"1","0","0","1","2",317,94,1797,22,41,63,47,32378,1113.735,777,395,443
66,"1","1","1","0","2",475,100,1945,21,54,95,50,60064,1514.655,799,733,188
67,"1","1","1","1","1",477,101,1851,11,47,95,50,56952,1395.165,1082,366,197
68,"1","0","1","1","2",221,95,1855,29,46,44,47,26798,930.885,615,-544,114
69,"2","0","1","1","2",408,102,2081,24,47,81,51,54844,1513.705,826,-164,285
70,"2","0","1","1","2",381,94,1751,9,47,76,47,61120,1570.325,885,1900,468
71,"2","1","0","1","2",252,92,1632,10,45,50,46,24241,734.12,841,164,402
72,"1","1","1","1","2",449,102,2170,31,45,89,51,57906,1432.62,800,387,477
73,"3","0","0","1","1",360,100,1855,18,53,72,50,49917,1376.315,558,531,189
74,"2","1","1","1","3",383,99,1861,19,44,76,49,50350,1282.975,840,724,43
75,"3","0","1","1","2",178,91,2082,22,44,35,45,24169,856.23,813,262,-272
76,"3","1","1","0","3",500,101,1762,23,55,100,50,66679,1775.73,783,868,501
77,"3","0","1","0","1",452,104,2475,13,48,90,52,39169,1141.855,693,318,456
78,"1","1","1","1","2",426,96,2182,24,53,85,48,36214,1113.63,861,594,474
79,"1","1","0","0","3",361,98,1814,15,45,72,49,54696,1270.52,1405,712,387
80,"3","1","0","0","2",360,97,2389,13,56,72,48,53538,1558.985,667,313,300
81,"0","1","1","0","2",422,95,1990,15,50,84,47,64404,1658.93,477,826,217
82,"3","0","1","0","2",338,100,2257,21,49,67,50,47291,1361.845,991,855,653
83,"0","1","1","1","1",454,103,2233,17,48,90,51,49378,1201.185,961,-67,148
84,"2","1","0","0","1",490,104,1771,19,49,98,52,73916,1732.395,897,163,324
85,"2","1","0","0","1",540,90,1715,18,59,108,45,63284,1592.755,496,486,284
86,"2","1","1","0","1",324,97,1565,28,43,64,48,35370,788.025,689,-113,477
87,"1","1","0","1","2",397,98,1947,15,42,79,49,60380,1439.325,1151,-7,462
88,"2","1","1","1","2",413,97,2188,26,50,82,48,47189,1328.23,877,704,111
89,"1","1","0","1","0",307,93,2069,30,48,61,46,39566,1195.395,1090,-335,284
90,"2","1","1","0","2",457,95,2104,8,45,91,47,53935,1244.35,776,1202,-8
91,"2","1","0","0","1",429,100,1785,16,43,85,50,50344,1235.355,586,761,437
92,"2","1","1","1","1",313,111,1460,20,50,62,55,58737,1530.99,544,-340,429
93,"0","0","1","1","1",318,97,1994,22,46,63,48,46378,1306.21,629,825,-36
94,"2","0","1","1","2",447,99,2111,14,55,89,49,36499,1121.005,1026,1234,149
95,"1","1","0","1","1",456,101,2116,17,41,91,50,53759,1350.38,895,294,-181
96,"0","1","1","0","2",541,106,2058,26,34,108,53,67748,1674.86,776,1104,390
97,"2","0","0","0","2",405,100,1978,14,46,81,50,54806,1514.62,678,315,310
98,"3","1","1","1","2",341,99,1721,20,53,68,49,50782,1175.015,298,29,505
99,"1","1","1","1","1",427,94,2372,18,52,85,47,59206,1524.37,371,190,304
100,"3","1","1","1","2",507,100,2121,20,46,101,50,75260,1861.275,915,274,241
1,"2","1","1","1","1",385,97,2128,20,47,77,48,35896,1045.57,860,-403,287
2,"1","1","0","1","1",336,101,2063,21,45,67,50,45794,1191.255,925,-169,288
3,"0","1","0","0","2",452,100,2154,13,50,90,50,79883,1917.81,731,-363,279
4,"2","0","1","1","3",510,92,1614,16,41,102,46,62951,1475.17,892,833,220
5,"2","0","1","1","0",349,99,1931,16,47,69,49,53278,1392.585,887,674,273
6,"2","1","1","1","3",442,97,1894,27,47,88,48,73245,1860.85,606,456,162
7,"0","0","1","1","1",292,103,1849,22,49,58,51,29671,848.545,661,164,549
8,"3","0","1","0","3",337,105,2101,16,49,67,52,38917,1215.815,840,472,607
9,"3","1","0","0","1",484,104,2184,24,54,96,52,51526,1480.92,960,338,-162
10,"2","0","0","1","2",394,96,2241,23,49,78,48,53651,1284.645,996,1351,745
11,"1","1","0","0","1",392,93,2257,25,49,78,46,22533,658.085,804,935,192
12,"2","1","1","1","1",441,102,2176,20,47,88,51,39014,1225.23,983,428,7
13,"2","0","1","1","1",262,99,1977,14,48,52,49,42963,1216.585,881,484,-75
14,"1","1","1","0","2",251,92,1921,17,43,50,46,22527,900.415,823,504,189
15,"3","0","1","1","2",412,101,2116,10,45,82,50,42048,1219.66,526,635,91
16,"0","0","1","1","1",519,95,1729,17,54,103,47,55249,1538.655,747,1011,1017
17,"1","1","1","1","3",374,102,2027,15,41,74,51,60312,1643.115,633,584,482
18,"2","1","1","1","3",365,108,1509,19,52,73,54,38410,998.975,845,1326,142
19,"1","0","1","1","1",219,107,2538,28,49,43,53,24494,933.48,649,723,382
20,"1","1","0","0","1",236,107,1811,29,50,47,53,20456,779.895,833,-56,439
21,"2","1","1","1","1",372,95,2089,18,53,74,47,53652,1438.365,878,-213,6
22,"2","1","0","1","2",220,98,1958,14,53,44,49,27142,916.09,843,567,-23
23,"3","1","1","0","0",377,88,2296,20,44,75,44,40743,1257.91,837,-116,523
24,"1","0","1","1","2",578,91,2050,16,48,115,45,33110,1114.85,538,565,106
25,"1","1","0","1","1",383,110,1880,19,51,76,55,44409,1140.33,832,315,-104
26,"2","1","1","1","0",480,103,2197,18,40,96,51,47618,1339.085,651,991,-30
27,"3","1","0","0","1",302,101,1777,17,40,60,50,29185,925.725,837,-366,393
28,"2","0","1","1","1",204,95,2475,15,58,40,47,26643,1026.235,883,1018,-127
29,"3","1","1","1","2",578,96,1975,26,45,115,48,69183,1675.135,624,49,208
30,"1","1","1","0","2",531,105,2355,15,45,106,52,40267,1100.765,915,569,-361
31,"1","0","1","1","0",510,107,2239,23,46,102,53,50064,1658.255,819,850,458
32,"3","1","1","1","2",300,99,1702,23,51,60,49,44658,1290.21,979,-114,394
33,"1","1","1","0","3",452,97,2246,21,47,90,48,73244,1620.73,730,1128,385
34,"1","1","0","1","1",323,100,1962,16,53,64,50,40921,1032.72,883,-159,278
35,"2","1","1","1","2",452,91,2014,23,56,90,45,45186,1406.07,945,516,269
36,"1","0","1","0","0",414,104,2329,22,49,82,52,22490,830.125,676,457,167
37,"1","1","0","1","1",245,103,2007,24,41,49,51,25405,751.025,793,-57,125
38,"1","0","0","1","0",322,104,1984,25,59,64,52,38363,1007.16,671,457,-84
39,"3","1","1","0","1",94,98,1493,14,54,18,49,13672,584.365,746,30,62
40,"2","1","1","0","1",487,92,2175,17,58,97,46,42575,1212.425,866,-1,177
41,"1","0","1","0","2",419,104,1564,20,46,83,52,54822,1431.89,638,550,-219
42,"1","1","0","0","2",484,101,1752,11,49,96,50,43134,951.98,661,614,486
43,"1","0","0","0","1",343,100,2085,15,52,68,50,44560,1246.675,861,-567,256
44,"2","0","1","1","1",520,97,2057,23,47,104,48,68114,1843.105,487,-84,579
45,"2","0","1","0","0",570,99,1793,23,43,114,49,59264,1458.405,1027,204,150
46,"2","0","0","0","1",394,106,1940,21,52,78,53,45139,1303.88,1093,484,43
47,"1","0","1","0","0",477,101,2562,20,35,95,50,64291,1645.52,618,983,89
48,"2","1","1","0","1",397,104,1844,17,43,79,52,50241,1444.57,989,52,58
49,"2","1","1","0","2",530,105,2032,31,41,106,52,63720,1633.6,616,407,432
50,"3","0","1","1","1",328,95,1989,14,50,65,47,25704,1015.005,861,1080,211
51,"3","1","1","1","2",322,103,2108,24,53,64,51,45945,1343.5,922,508,285
52,"2","1","0","1","2",266,95,1778,25,50,53,47,35337,950.29,756,850,-117
53,"3","0","1","1","1",440,97,2267,20,51,88,48,60012,1416.415,963,-410,14
54,"1","1","0","1","1",420,103,2327,28,49,84,51,38800,1235.875,673,643,-12
55,"1","0","1","1","2",377,97,1949,17,49,75,48,49743,1292.635,659,439,202
56,"2","0","1","1","0",249,97,2284,13,44,49,48,34752,1070.39,326,920,250
57,"2","1","1","1","1",423,98,2228,23,50,84,49,56557,1408.89,470,1095,274
58,"1","0","1","1","0",355,97,2209,13,48,71,48,59040,1567.475,738,436,242
59,"2","0","0","1","1",508,93,1952,20,46,101,46,61535,1805,1010,828,281
60,"2","0","1","1","2",428,99,1985,18,42,85,49,38729,1161.005,430,197,124
61,"2","1","1","0","0",340,105,2251,22,50,68,52,42788,1096.835,255,72,100
62,"0","1","1","1","3",296,99,1984,20,41,59,49,40414,1233.08,956,975,200
63,"1","1","1","1","2",472,92,2232,20,41,94,46,50211,1542.12,996,1081,405
64,"2","1","0","0","1",318,90,1958,22,46,63,45,36814,1108.73,980,746,101
65,"1","0","1","0","2",441,94,2534,16,49,88,47,38463,1103.96,1047,-204,-2
66,"3","1","1","0","3",380,99,2214,25,53,76,49,40510,1339.65,390,-469,-228
67,"2","0","1","0","1",358,96,2404,26,41,71,48,45931,1342.32,1022,-621,78
68,"1","0","0","1","2",420,107,1729,17,47,84,53,46779,1161.805,636,-10,380
69,"1","1","1","1","2",428,102,1898,21,45,85,51,62319,1405.83,568,312,294
70,"2","0","0","1","2",339,102,1685,24,50,67,51,25073,935.635,834,138,42
71,"1","1","1","1","3",458,97,2110,24,47,91,48,40745,1086.35,809,602,97
72,"2","0","0","1","0",428,102,2336,22,53,85,51,33840,1152.9,886,34,172
73,"1","1","0","0","1",531,94,2039,29,50,106,47,40885,1023.425,452,258,345
74,"2","0","0","1","1",254,99,1924,25,48,50,49,34923,992.86,810,419,616
75,"1","1","1","0","2",284,100,2187,22,38,56,50,30516,1108.895,905,733,171
76,"1","0","1","1","1",395,99,1954,13,46,79,49,44412,1413.04,551,392,221
77,"1","1","1","1","1",416,105,2031,19,53,83,52,33679,1075.955,575,42,16
78,"1","0","1","0","1",494,108,2424,9,45,98,54,52864,1475.18,1052,-220,13
79,"2","1","0","1","1",360,104,1517,18,56,72,52,24277,722.965,1083,-92,-19
80,"2","0","1","1","3",343,92,2013,18,54,68,46,28959,986.355,632,188,111
81,"2","1","1","1","3",550,88,1965,21,57,110,44,83025,2066.225,1098,663,627
82,"0","1","0","1","2",352,100,2133,11,45,70,50,35456,859.945,720,434,223
83,"1","1","0","1","2",324,97,1741,21,51,64,48,31099,784.705,1079,2004,169
84,"0","1","1","1","2",298,108,1645,20,58,59,54,41481,1189.745,874,72,127
85,"2","0","0","0","3",294,107,1997,23,50,58,53,36463,937.585,1128,98,139
86,"3","1","0","1","0",335,100,2168,17,49,67,50,27613,925.61,905,-540,0
87,"1","0","1","0","3",540,85,2391,20,47,108,42,70780,1781.675,758,217,82
88,"0","0","0","1","2",393,88,1804,16,47,78,44,43410,1170.45,593,413,400
89,"2","1","0","0","1",395,103,2100,24,49,79,51,49444,1276.73,914,613,-198
90,"2","0","1","0","0",451,89,1744,18,48,90,44,69744,1769.93,905,-170,228
91,"1","1","1","0","2",428,108,1806,19,50,85,54,52415,1431.15,1120,-36,211
92,"3","0","1","0","1",395,89,1900,25,50,79,44,49992,1185.49,599,608,119
93,"1","1","1","0","1",616,101,2052,16,44,123,50,83780,2153,768,789,283
94,"1","0","0","1","2",425,100,1956,21,48,85,50,44556,1236.77,706,1266,120
95,"2","0","1","1","0",324,100,2014,21,42,64,50,41885,1284.95,532,325,30
96,"2","1","1","0","1",602,105,1815,17,41,120,52,70554,1777.355,1092,428,105
97,"2","1","0","1","1",324,98,2077,10,48,64,49,41191,1116.245,969,-150,314
98,"1","0","0","0","1",454,106,2481,25,43,90,53,66184,1473.905,983,43,482
99,"1","1","1","0","3",173,101,2462,18,46,34,50,23066,980.22,946,866,379
100,"0","0","0","1","0",263,106,2133,14,49,52,53,27973,893.135,1032,210,649
1,"2","1","1","1","1",504,99,2160,25,46,100,49,52209,1426.38,647,763,38
2,"1","1","0","1","2",434,101,2097,14,47,86,50,60872,1476.465,1035,21,394
3,"2","0","0","0","2",516,93,1902,17,50,103,46,67353,1637.61,1003,478,294
4,"2","0","0","1","1",562,111,1919,12,50,112,55,58901,1371.295,836,-362,246
5,"1","1","0","1","0",372,96,1784,21,47,74,48,51555,1178.1,879,762,615
6,"2","1","0","0","1",283,100,2521,16,48,56,50,38580,1024.275,794,1076,-63
7,"2","0","1","1","2",487,100,1697,19,47,97,50,59266,1669.395,578,-32,333
8,"2","1","1","1","2",424,98,1772,23,49,84,49,41881,1104.32,742,-352,7
9,"1","0","0","1","1",397,94,1632,10,51,79,47,67352,1634.39,827,572,365
10,"1","1","0","1","2",392,95,1820,21,57,78,47,49030,1293,1105,356,311
11,"2","0","0","1","1",194,105,2012,16,54,38,52,20127,797.24,853,101,177
12,"0","0","1","1","3",406,99,1978,17,58,81,49,45202,1275.99,813,877,337
13,"2","1","0","1","2",350,104,2386,24,42,70,52,41922,999.19,1211,234,453
14,"2","1","0","1","2",447,99,2033,23,53,89,49,74262,1819.215,1002,137,-175
15,"2","0","1","1","2",475,95,1651,24,41,95,47,64875,1828.625,697,798,161
16,"1","1","0","1","0",417,106,2147,10,44,83,53,48665,1400.525,898,592,242
17,"3","0","0","0","0",393,101,1398,20,45,78,50,46165,1218.3,686,438,94
18,"1","1","1","1","2",463,94,1834,19,42,92,47,54318,1570.26,754,620,302
19,"0","1","0","0","2",253,100,1768,13,44,50,50,21579,811.93,856,1595,565
20,"2","0","1","1","1",315,100,2201,18,49,63,50,36641,1107.395,881,448,-111
21,"1","1","0","1","0",450,96,2326,21,53,90,48,74982,1702.89,979,841,228
22,"2","1","0","1","2",463,102,1710,20,47,92,51,48240,1270.6,741,-19,129
23,"2","1","1","1","2",516,108,1593,18,51,103,54,61049,1771.605,778,790,461
24,"1","1","0","1","2",439,105,1876,16,49,87,52,45691,1152.27,799,-136,344
25,"1","0","0","1","0",386,100,1833,16,40,77,50,44830,1136.625,970,1038,346
26,"1","1","1","1","2",290,105,1904,26,52,58,52,32756,872.92,699,549,-46
27,"1","0","0","1","2",233,102,2239,16,47,46,51,32419,1002.405,1082,793,140
28,"1","1","1","0","2",513,102,1833,11,51,102,51,36476,1161.695,687,502,293
29,"2","0","1","1","2",456,100,2242,26,51,91,50,38139,1228.53,1064,-215,334
30,"1","1","0","1","0",337,88,2052,21,37,67,44,28769,952.33,648,972,432
31,"2","1","1","0","1",308,98,1590,18,52,61,49,31756,903.07,449,-204,146
32,"2","1","0","1","2",499,103,2183,24,47,99,51,66893,1783.085,539,-84,434
33,"0","0","1","1","2",311,98,1814,13,62,62,49,33358,827.76,1128,559,411
34,"2","0","0","1","2",532,108,2393,17,48,106,54,72721,1834.445,734,440,256
35,"2","0","0","1","1",434,89,2358,13,48,86,44,50040,1394.25,665,905,338
36,"0","0","0","1","2",526,96,1465,13,54,105,48,65444,1667.605,897,-364,247
37,"1","1","0","0","0",618,94,1934,17,48,123,47,84011,1987.77,995,451,388
38,"1","1","1","0","2",586,98,2222,19,55,117,49,37245,1152.15,612,75,266
39,"2","1","1","0","0",473,103,1999,26,47,94,51,59113,1496.385,1059,-64,315
40,"1","1","1","1","1",321,110,1971,16,52,64,55,37031,1043.845,690,236,637
41,"1","1","1","1","1",312,109,1921,21,48,62,54,28207,1154.665,1018,676,167
42,"0","1","0","0","0",277,101,1492,16,48,55,50,33501,925.87,752,306,23
43,"3","1","1","0","1",561,95,1563,31,57,112,47,53691,1404.545,1286,671,452
44,"2","0","0","0","1",449,105,2183,16,46,89,52,59358,1415.185,493,727,239
45,"1","0","1","1","3",560,103,1685,29,46,112,51,76684,1875.105,1063,398,-185
46,"1","0","0","1","1",463,96,2368,30,51,92,48,56112,1524.09,790,346,387
47,"1","1","0","0","2",293,101,2096,10,52,58,50,32467,912.29,646,-98,447
48,"2","0","1","1","2",229,107,1980,17,39,45,53,34412,1108.49,906,559,-114
49,"2","1","1","1","3",297,92,1901,17,49,59,46,33826,1035.795,999,42,398
50,"2","1","1","1","1",377,106,2254,20,51,75,53,32228,943.86,488,383,404
51,"1","0","1","1","3",524,100,1990,18,45,104,50,68626,1591.77,855,898,52
52,"2","0","1","0","1",342,94,1991,20,48,68,47,16639,904.955,1267,-363,78
53,"2","0","1","1","3",503,98,1940,25,45,100,49,63523,1604.91,783,1424,99
54,"2","1","0","0","2",380,95,1857,21,41,76,47,34449,774.805,1251,647,95
55,"0","1","1","1","3",357,102,1545,9,54,71,51,42059,1078.655,1004,316,9
56,"2","0","0","0","1",160,99,1976,21,45,32,49,19734,761.18,549,-391,52
57,"1","0","1","1","1",564,98,2069,23,55,112,49,58809,1654.605,750,342,89
58,"2","1","1","0","2",323,96,1756,25,52,64,48,47703,1257.01,761,640,111
59,"3","1","1","1","3",475,106,1821,22,47,95,53,46276,1235.395,534,129,123
60,"1","1","1","0","1",549,96,1967,18,47,109,48,80719,2086.805,854,602,221
61,"1","1","0","0","1",465,97,2371,16,49,93,48,59471,1411.245,847,-692,83
62,"0","0","0","1","1",449,98,1588,21,46,89,49,52418,1348.81,914,918,114
63,"1","1","1","1","1",374,103,1559,16,51,74,51,28112,815.815,1160,298,181
64,"2","0","1","1","1",333,96,2502,26,51,66,48,48570,1374.1,869,318,241
65,"1","1","1","1","1",456,97,2217,19,45,91,48,56582,1364.665,705,-165,115
66,"3","1","1","0","1",322,89,2027,24,42,64,44,48213,1270.235,870,594,106
67,"1","0","1","0","1",485,102,2012,15,39,97,51,68816,1701.67,866,1376,103
68,"1","1","1","0","2",493,108,1728,24,49,98,54,50868,1299.11,1152,1008,46
69,"1","0","1","1","1",320,106,2071,16,44,64,53,43214,1244.755,764,86,-107
70,"3","0","1","1","1",535,96,2005,33,47,107,48,81884,1956.655,653,357,180
71,"2","0","1","0","1",401,102,2261,14,41,80,51,53294,1508.255,544,1421,-33
72,"1","0","0","1","2",281,100,1928,16,47,56,50,38569,1394.73,969,188,234
73,"1","1","1","0","0",434,98,1903,28,45,86,49,37230,1083.275,726,114,-19
74,"1","1","1","1","2",458,98,2225,27,47,91,49,71428,1845.785,1175,827,159
75,"0","1","1","1","0",256,106,2259,11,51,51,53,34790,1064.775,930,772,347
76,"1","1","0","1","3",501,94,2083,16,48,100,47,71674,1943.705,896,733,-118
77,"1","1","1","1","0",432,96,2329,18,45,86,48,56282,1458.265,1118,1142,96
78,"3","0","1","1","2",349,100,2092,15,44,69,50,38648,1025.81,591,58,274
79,"0","0","1","1","1",385,103,2032,13,47,77,51,25690,922.35,1010,392,291
80,"1","0","0","0","3",256,111,2154,21,48,51,55,25532,873.69,1016,87,-54
81,"1","1","1","1","1",458,92,2166,15,48,91,46,49160,1381.35,661,-246,68
82,"2","1","0","1","1",486,98,2077,15,48,97,49,46309,1237.205,952,-680,170
83,"1","1","0","1","2",445,104,1440,22,49,89,52,45756,1162.87,526,-1047,128
84,"2","0","1","0","2",264,96,1635,11,41,52,48,31972,840.815,889,225,203
85,"2","1","0","1","1",464,100,1749,19,48,92,50,68071,1733.945,735,-53,528
86,"1","1","0","1","1",407,98,1945,22,42,81,49,51599,1189.655,607,-292,422
87,"1","0","0","0","2",401,97,2190,15,39,80,48,49563,1481.16,990,560,187
88,"2","1","0","1","1",472,103,1767,18,41,94,51,57028,1489.235,772,-689,200
89,"2","1","1","1","1",409,98,2002,13,35,81,49,42005,1179.4,792,378,488
90,"2","1","1","1","1",343,100,2119,17,50,68,50,41780,1283.325,747,510,167
91,"0","1","1","1","2",400,105,2190,11,49,80,52,41475,1455.75,576,701,26
92,"1","1","1","0","1",343,100,1758,25,52,68,50,28094,1003.48,713,445,105
93,"2","0","1","0","2",575,98,1963,16,46,115,49,70144,1844.005,1239,482,16
94,"2","0","1","1","2",417,106,2217,24,43,83,53,45399,1375.255,1072,1352,128
95,"1","1","1","1","0",506,94,2075,28,41,101,47,55386,1745.695,514,273,137
96,"2","1","1","1","2",550,99,1928,15,43,110,49,41118,1075.56,914,498,-152
97,"2","1","1","0","0",465,101,1847,20,46,93,50,32926,867.345,720,-259,434
98,"1","0","1","0","2",316,93,2272,17,36,63,46,31693,948.26,799,100,29
99,"3","1","1","1","0",439,107,2012,17,50,87,53,58565,1514.15,848,684,8
100,"2","0","0","1","1",362,94,1546,21,51,72,47,50375,1291.45,966,216,290
1,"1","1","0","0","2",606,101,2219,20,45,121,50,54023,1303.735,1055,67,239
2,"1","0","1","1","1",297,94,1806,9,44,59,47,28958,1102.46,538,560,286
3,"1","1","1","1","2",387,100,1747,19,43,77,50,49627,1326.465,875,325,-74
4,"2","1","0","0","2",417,95,1670,16,46,83,47,42416,971.62,819,219,232
5,"0","0","0","0","2",455,87,2038,16,53,91,43,44540,1182.9,718,104,397
6,"2","0","1","1","2",324,105,2017,20,43,64,52,35032,1059.765,471,609,221
7,"1","0","0","1","2",403,103,2011,22,45,80,51,50791,1261.345,762,1203,408
8,"1","0","1","0","0",399,105,1802,20,45,79,52,44258,1139.36,840,693,272
9,"2","0","0","0","2",377,95,2278,14,43,75,47,52990,1409.6,882,311,287
10,"1","1","1","1","2",244,96,2160,18,43,48,48,30526,1035.42,550,606,157
11,"1","1","0","0","1",376,98,2090,24,46,75,49,36975,865.35,840,350,501
12,"2","1","0","1","1",442,91,2079,13,50,88,45,48808,1413.535,770,169,-1
13,"2","1","1","1","2",355,99,2182,18,55,71,49,38704,1140.78,904,1069,284
14,"2","1","1","1","1",259,93,2296,30,41,51,46,37415,1250.65,504,201,302
15,"1","0","1","1","2",345,103,2062,21,47,69,51,51508,1314.26,867,945,143
16,"1","0","1","0","0",424,106,1356,15,57,84,53,53176,1446.02,954,473,-238
17,"0","0","1","0","3",264,97,1971,25,46,52,48,30548,1075.335,1060,62,12
18,"2","0","0","0","1",528,97,1839,21,44,105,48,77870,1740.875,999,702,207
19,"2","1","1","0","2",609,97,1788,25,34,121,48,88157,2107.69,989,298,38
20,"0","0","1","0","0",292,99,1833,25,35,58,49,30074,821.105,934,771,451
21,"1","1","1","1","2",464,96,1965,19,43,92,48,68904,1908.705,1026,100,260
22,"1","1","1","1","2",481,105,2155,7,48,96,52,56380,1479.025,892,297,254
23,"1","1","1","0","2",362,102,1773,26,47,72,51,47486,1137.945,951,-363,220
24,"2","1","0","1","2",388,101,2284,23,39,77,50,52750,1504.2,702,-448,59
25,"1","0","1","1","2",493,99,2250,22,49,98,49,51409,1397.08,831,72,-128
26,"2","0","1","1","2",377,95,1898,16,57,75,47,42782,1167.54,672,19,515
27,"2","1","1","1","1",281,97,1728,25,54,56,48,37145,1080.55,1057,918,350
28,"3","0","1","1","1",459,99,2182,20,47,91,49,48730,1529.9,956,318,4
29,"2","1","1","1","1",313,97,2055,20,45,62,48,29365,1020.025,945,-191,-182
30,"1","1","0","1","2",333,100,1546,19,47,66,50,27388,912.26,700,1282,36
31,"0","0","0","0","2",475,103,1971,25,41,95,51,51274,1186.505,694,45,383
32,"1","1","1","0","3",497,100,1118,15,54,99,50,54306,1364.62,722,846,-239
33,"1","0","1","1","0",548,92,1587,18,45,109,46,76666,1905.595,734,-13,497
34,"2","1","1","0","2",480,92,1751,26,42,96,46,39156,1084.995,650,-760,216
35,"1","0","1","0","1",504,99,2116,25,49,100,49,38393,1147.86,1109,1065,88
36,"1","0","1","1","2",262,96,1791,23,42,52,48,39604,1177.155,1016,23,415
37,"1","0","1","1","1",283,98,1590,22,55,56,49,51762,1330.64,620,37,240
38,"2","0","0","1","2",445,98,2094,20,48,89,49,59153,1502.66,662,1405,371
39,"2","0","1","1","2",455,94,1800,18,48,91,47,63777,1616.29,679,133,202
40,"0","0","1","1","2",417,101,1863,18,44,83,50,44585,1251.725,899,486,194
41,"3","1","0","1","2",319,107,1630,22,53,63,53,42237,1126.64,405,870,223
42,"1","1","0","1","1",497,101,1928,18,56,99,50,46644,1306.23,800,649,376
43,"1","1","1","1","1",517,109,2001,22,49,103,54,48833,1297.635,1260,-517,232
44,"2","1","1","1","2",374,107,1827,20,48,74,53,47629,1408.155,754,130,162
45,"3","0","1","0","2",373,95,2168,21,57,74,47,33130,971.55,361,725,118
46,"1","1","1","1","1",535,94,1556,19,45,107,47,63965,1635.35,495,1609,299
47,"2","1","0","1","1",504,95,2036,21,48,100,47,45416,1233.42,921,175,31
48,"1","0","1","0","3",622,109,1709,18,62,124,54,76588,1802.385,815,186,70
49,"2","0","0","0","1",252,104,1782,26,50,50,52,35141,763.17,889,-96,362
50,"1","0","1","0","1",296,93,1945,17,43,59,46,40947,1116.165,717,351,204
51,"0","1","1","0","1",416,110,1861,23,47,83,55,39900,986.425,744,1315,614
52,"2","1","1","0","2",275,102,2494,21,51,55,51,28580,923.5,605,-196,335
53,"1","1","1","1","2",411,110,1720,16,40,82,55,49658,1188.31,1501,493,169
54,"1","1","1","1","3",519,97,2044,27,44,103,48,60159,1571.43,892,145,341
55,"2","0","1","0","1",330,112,1650,24,54,66,56,46030,1238.35,805,-878,-49
56,"2","1","0","0","0",429,98,2340,16,38,85,49,59879,1445.73,674,15,274
57,"0","1","0","1","1",443,102,2147,15,47,88,51,59787,1404.665,1197,704,135
58,"2","1","1","0","2",462,100,1524,19,51,92,50,60842,1463.44,774,-589,40
59,"1","0","1","1","1",283,101,2323,28,44,56,50,40686,1263.545,766,61,362
60,"1","1","0","0","2",397,102,1545,21,52,79,51,44910,973.675,801,881,68
61,"0","0","1","1","2",504,103,2174,21,43,100,51,59707,1569.79,864,795,259
62,"1","0","1","0","2",531,89,2411,28,40,106,44,84179,1969.205,713,779,98
63,"2","1","1","0","2",391,100,2028,13,50,78,50,52739,1229.13,1136,-90,260
64,"1","1","1","1","2",491,104,2361,14,55,98,52,61644,1589.855,980,176,-15
65,"1","1","0","0","2",375,98,1952,21,48,75,49,32506,918.57,463,231,-126
66,"3","1","1","0","1",435,102,2051,11,46,87,51,40984,1300.705,1046,768,294
67,"2","0","1","1","1",265,101,1679,19,33,53,50,26152,881.465,1075,-480,274
68,"2","0","0","0","0",442,95,2274,18,42,88,47,66568,1771.21,320,260,159
69,"1","1","0","0","2",318,96,1996,15,49,63,48,50430,1489,932,1167,351
70,"0","0","1","0","2",469,98,1794,25,50,93,49,54167,1294.34,924,917,-58
71,"0","0","1","1","1",470,99,1557,16,49,94,49,59514,1423.805,605,383,43
72,"2","0","0","0","1",427,94,1577,27,45,85,47,55527,1284.615,728,674,-20
73,"1","1","1","1","3",279,99,1890,20,47,55,49,24038,866.56,985,740,393
74,"3","1","0","1","2",464,100,2183,23,48,92,50,41662,1191.415,967,295,-82
75,"2","0","1","1","1",339,101,1813,18,50,67,50,30793,980.335,1033,16,438
76,"1","1","1","1","2",262,99,2377,17,47,52,49,27392,866.365,900,1038,334
77,"2","1","1","0","2",307,99,2180,30,45,61,49,37533,1250.91,515,843,-249
78,"3","1","1","1","3",456,104,2278,29,49,91,52,54758,1535.91,842,874,471
79,"1","1","1","1","2",659,95,2092,23,47,131,47,68384,1867.63,824,-153,849
80,"2","0","1","1","0",376,103,1669,10,36,75,51,54304,1309.405,1028,757,335
81,"2","1","1","1","2",468,100,2094,12,41,93,50,52712,1602.69,1018,1024,-6
82,"1","0","0","1","0",384,101,2100,13,49,76,50,31102,835.04,770,798,143
83,"2","1","1","1","1",422,96,1842,18,38,84,48,45195,1127.45,732,-807,258
84,"2","1","0","1","2",333,97,1665,19,43,66,48,16920,628.075,1007,-220,237
85,"3","1","1","1","1",403,97,1875,16,48,80,48,49877,1259.165,853,-17,43
86,"0","0","0","1","2",402,94,1717,22,53,80,47,40031,943.245,1103,593,209
87,"2","1","1","1","3",363,105,2125,17,55,72,52,26176,888.995,699,1268,639
88,"1","1","1","1","1",179,103,1492,32,49,35,51,18054,626.93,758,371,468
89,"3","0","1","1","1",429,95,2312,11,54,85,47,66518,1882.81,401,-129,305
90,"1","0","1","0","2",612,100,2110,23,51,122,50,72342,1634.59,539,-469,-19
91,"1","0","0","0","1",532,103,1891,4,36,106,51,65192,1630.115,967,167,156
92,"2","0","0","0","1",388,99,1941,27,47,77,49,56450,1445.325,736,817,-25
93,"2","1","1","1","2",252,96,2361,23,47,50,48,26752,771.365,891,203,73
94,"2","1","1","1","3",362,95,1718,16,55,72,47,50058,1151.61,626,614,225
95,"3","0","1","0","2",253,110,2110,17,53,50,55,32245,1095.3,536,322,181
96,"1","0","0","1","1",507,115,1969,14,41,101,57,44653,1260.535,882,990,74
97,"1","1","1","1","3",277,97,1820,19,50,55,48,26328,911.51,1359,8,-166
98,"3","1","0","1","2",94,102,2470,16,59,18,51,10594,401.03,899,1396,-82
99,"2","0","1","1","1",545,106,2095,17,45,109,53,46428,1536.485,479,832,367
100,"0","0","0","1","2",471,103,2078,18,47,94,51,62032,1657.74,881,222,109
